heatmap_cross_state,asset,n_obs,annualized_return,annualized_volatility,annualized_excess_return_vs_cash,Sharpe,max_drawdown,cumulative_return
FLAT_HIGH_RATE_NORMAL,SPY,421,0.11146154021230914,0.14017441307810813,0.0688015126212631,0.49082789869022286,-0.1691361193298876,0.1930890317967897
FLAT_HIGH_RATE_NORMAL,GOLD,421,0.38766155395678403,0.23130622139202284,0.3344424715124108,1.4458861914725172,-0.16364403087523727,0.7286372901941593
FLAT_HIGH_RATE_NORMAL,IEF,421,0.10434542543782177,0.055347821307208105,0.061959522339984474,1.1194572952759625,-0.032668077186970734,0.1803549134722422
FLAT_HIGH_RATE_NORMAL,DBC,421,0.2702477940125252,0.17226156407468673,0.2215153688651732,1.2859245186531088,-0.10428963619520737,0.491281641043658
FLAT_HIGH_RATE_NORMAL,DBB,421,0.19665957947494572,0.18737851053860005,0.15074042448187108,0.8044701820319918,-0.19396398779058055,0.34977208925491565
FLAT_HIGH_RATE_NORMAL,DBA,421,0.07842977966130871,0.1429561716293629,0.03703259219753119,0.2590485725481248,-0.10787129780748272,0.1344444802393172
FLAT_HIGH_RATE_NORMAL,CASH,421,0.039922915408504345,0.00021536128215629747,0.0,0.0,0.0,0.06758561177761568
FLAT_HIGH_RATE_STRESS,SPY,120,-0.08982617702971019,0.2802401536136746,-0.12208967621290057,-0.4356608952663059,-0.1789335192978626,-0.04382936836675899
FLAT_HIGH_RATE_STRESS,GOLD,120,0.4519138489554064,0.24374584402621519,0.4005373875225766,1.6432583255839976,-0.16159539001013856,0.1943034569992237
FLAT_HIGH_RATE_STRESS,IEF,120,0.1301817919174557,0.076218650662544,0.09014971882920153,1.1827776803388577,-0.035304474608661374,0.06000696095579072
FLAT_HIGH_RATE_STRESS,DBC,120,0.23015928054058743,0.1926701603954526,0.18659710918219807,0.9684795445190387,-0.09566504188122782,0.10366872715705355
FLAT_HIGH_RATE_STRESS,DBB,120,-0.24082813022859617,0.2827826479955436,-0.2677639184254449,-0.946889493833669,-0.18290931505104724,-0.122960610520219
FLAT_HIGH_RATE_STRESS,DBA,120,0.7337812841762088,0.187558781660865,0.6724631181453875,3.5853459496303604,-0.10816518798380059,0.2995913574429614
FLAT_HIGH_RATE_STRESS,CASH,120,0.03673035513345413,0.0003637917449598602,0.0,0.0,0.0,0.017325456041556997
FLAT_LOWMID_RATE_STRESS,SPY,405,-0.13941975303412624,0.2927744485516352,-0.1532042463930352,-0.523284211279166,-0.3318114713366713,-0.2144019051299847
FLAT_LOWMID_RATE_STRESS,GOLD,405,-0.03874283060308026,0.14775549266990048,-0.05413768424986798,-0.3664004855021979,-0.1602004780731463,-0.06152918177926103
FLAT_LOWMID_RATE_STRESS,IEF,405,0.018016650701560666,0.07857608809094493,0.0017200427801276064,0.021890155413906678,-0.12913765632826624,0.029113326734833134
FLAT_LOWMID_RATE_STRESS,DBC,405,-0.1256899597943124,0.235351669741417,-0.13969903323551536,-0.5935757047698194,-0.3633282003248067,-0.1941613937039831
FLAT_LOWMID_RATE_STRESS,DBB,405,-0.2403548044074696,0.2160327132022398,-0.25253035431366455,-1.168944973982979,-0.4220407976741467,-0.35712802657445764
FLAT_LOWMID_RATE_STRESS,DBA,405,-0.20959614183788966,0.15014432090913815,-0.22226288770076197,-1.4803283024954859,-0.3387847330611815,-0.3147818898465621
FLAT_LOWMID_RATE_STRESS,CASH,405,0.01626975102504047,0.00044561253199725735,0.0,0.0,-3.5722359331691322e-06,0.0262766854222658
FLAT_LOW_RATE_NORMAL,SPY,212,0.5251266528947394,0.19541986871194397,0.5234489889202927,2.6785863298878563,-0.09440451171881992,0.4262962307029323
FLAT_LOW_RATE_NORMAL,GOLD,212,0.06724838645948306,0.17563514602149588,0.06607298471178513,0.3761945499433154,-0.15332007983823215,0.05627966366047388
FLAT_LOW_RATE_NORMAL,IEF,212,-0.03505871241162939,0.03941226023409478,-0.03612218916250198,-0.9165216343327952,-0.04634957615585977,-0.02957703494257069
FLAT_LOW_RATE_NORMAL,DBC,212,0.5030049863225989,0.17487977295623375,0.5013509898934871,2.8668323466943066,-0.10714283051497586,0.4088717651093319
FLAT_LOW_RATE_NORMAL,DBB,212,0.556878827940495,0.17157841954258438,0.5551660739236388,3.2356404459469394,-0.06488547617502627,0.4512364431224889
FLAT_LOW_RATE_NORMAL,DBA,212,0.2872610174808521,0.11816871008369628,0.28584325628416485,2.4189420031894096,-0.0552764388295236,0.23668535534173785
FLAT_LOW_RATE_NORMAL,CASH,212,0.0011032468944520701,2.092816156573597e-05,0.0,0.0,0.0,0.0009280471081392072
FLAT_MID_RATE_NORMAL,SPY,455,0.1527292586937714,0.09822546082005824,0.1374904077690089,1.3997430668294966,-0.06889816704140805,0.29256412940518284
FLAT_MID_RATE_NORMAL,GOLD,455,0.1378107214604838,0.10834132778197698,0.12277110787733014,1.1331881415039626,-0.11698162953219626,0.2625178855143664
FLAT_MID_RATE_NORMAL,IEF,455,0.03636342258486924,0.04526041640104726,0.02265861568755323,0.500627645286731,-0.05803517916411505,0.06661556270947622
FLAT_MID_RATE_NORMAL,DBC,455,0.06075436349588559,0.129578868605035,0.04672308370528144,0.36057641348680475,-0.12017070059761825,0.11236929673289442
FLAT_MID_RATE_NORMAL,DBB,455,-0.0016339699912047978,0.13211504074496108,-0.0148451059421435,-0.11236499537400095,-0.21295782311783185,-0.0029482817682822127
FLAT_MID_RATE_NORMAL,DBA,455,-0.07439441806026537,0.10709024511349582,-0.0866412433505408,-0.8090488845059336,-0.132891820465196,-0.13027848323008318
FLAT_MID_RATE_NORMAL,CASH,455,0.013404329366790257,0.00040974155639116316,0.0,0.0,0.0,0.024332815470977653
INVERTED_NORMAL,SPY,604,0.24188650268804057,0.12387261481578979,0.18485457088177948,1.4922957035877187,-0.09974317142568767,0.6807298146614467
INVERTED_NORMAL,GOLD,604,0.20706655076411562,0.14276833334128697,0.15162906988856872,1.0620637387851284,-0.11347406182164954,0.5699848171240376
INVERTED_NORMAL,IEF,604,-0.0023245663192614785,0.07654134574094035,-0.048178709987739654,-0.6294468632783639,-0.10375258948098809,-0.0055625368764802285
INVERTED_NORMAL,DBC,604,0.04516062749952621,0.15725430834702592,-0.002870622256948785,-0.018254649345529846,-0.15405806812469547,0.11167643507670588
INVERTED_NORMAL,DBB,604,0.10636539755756558,0.19423275520040983,0.05553177266117082,0.2859032329736197,-0.215949846299603,0.2741402698034969
INVERTED_NORMAL,DBA,604,0.1910215108608475,0.16039111208403653,0.13631338667537007,0.8498811742383144,-0.12358702821176815,0.5204286271558585
INVERTED_NORMAL,CASH,604,0.04816556668101768,0.0005006067013706935,0.0,0.0,0.0,0.11935250575784173
INVERTED_STRESS,SPY,143,0.12989060459499568,0.23245203793763178,0.09112131417226799,0.3920004960193825,-0.16680303676492436,0.07175631436618524
INVERTED_STRESS,GOLD,143,0.09616684440813694,0.15949351218356597,0.05855778639234588,0.3671483911204484,-0.09912432163968421,0.053485162314413914
INVERTED_STRESS,IEF,143,-0.06856380166090204,0.09972993256736745,-0.10054301753014971,-1.0081528678687617,-0.11669700803779992,-0.03950387946781231
INVERTED_STRESS,DBC,143,-0.0019830639873510414,0.20862459483220058,-0.03624741218855543,-0.17374467386124673,-0.1321244086569835,-0.001125793196923408
INVERTED_STRESS,DBB,143,0.18385460869054748,0.2535956355525409,0.14323661156698142,0.5648228576761335,-0.1448780536032218,0.10050980395109343
INVERTED_STRESS,DBA,143,0.032603677559039035,0.13050174572751533,-0.002837914356258575,-0.021746179259425968,-0.06006724709839362,0.01837282868555712
INVERTED_STRESS,CASH,143,0.035540261157398945,0.0005664152770164092,0.0,0.0,0.0,0.0200152484866718
STEEP_HIGH_RATE_NORMAL,SPY,386,0.24957700918622483,0.16469961869441724,0.24811509971889478,1.5064703955341037,-0.08661070795226578,0.4067482423852
STEEP_HIGH_RATE_NORMAL,GOLD,386,0.364887214696592,0.16349880906877656,0.36329029898437293,2.221975200024565,-0.1270347319254942,0.6104006406042888
STEEP_HIGH_RATE_NORMAL,IEF,386,0.06444987929922585,0.07633613740889728,0.063203201132636,0.8279591197296998,-0.05883416157520005,0.10039584938343005
STEEP_HIGH_RATE_NORMAL,DBC,386,0.17217013234668266,0.21611333983175512,0.17079822043426907,0.7903178053110279,-0.14262090589832244,0.27548735085675125
STEEP_HIGH_RATE_NORMAL,DBB,386,0.23468846630086104,0.2929019486457533,0.2332435379935074,0.7963195160425544,-0.20882353026551248,0.3811557974536661
STEEP_HIGH_RATE_NORMAL,DBA,386,-0.014440226784718568,0.1912747716924541,-0.015594589395578118,-0.08152977654916387,-0.18303722847293602,-0.02203364783481654
STEEP_HIGH_RATE_NORMAL,CASH,386,0.0011726664331510595,3.2328665012077814e-05,0.0,0.0,0.0,0.0017967870814312725
STEEP_HIGH_RATE_STRESS,SPY,247,-0.3701734183046902,0.40337580570337833,-0.3778674966219231,-0.9367629175553164,-0.4668556398932243,-0.3643695462052593
STEEP_HIGH_RATE_STRESS,GOLD,247,-0.08311572881800455,0.31751757300598943,-0.09431030597205325,-0.29702389407679886,-0.2941413603663804,-0.08153576328342349
STEEP_HIGH_RATE_STRESS,IEF,247,0.1222892245375462,0.09660677274035019,0.10859628010126499,1.124106281793917,-0.06182532289403253,0.11972313242199517
STEEP_HIGH_RATE_STRESS,DBC,247,-0.2979124154123092,0.3362838967546871,-0.3064785103700203,-0.9113683804895085,-0.5381135924457234,-0.2929679759328909
STEEP_HIGH_RATE_STRESS,DBB,247,-0.4379680094316979,0.3947977432884871,-0.4448314222645876,-1.1267324340796443,-0.5715548626641314,-0.43150572578999336
STEEP_HIGH_RATE_STRESS,DBA,247,-0.3136926856591532,0.3553266317400352,-0.3220693443472158,-0.9064036173422791,-0.45951606367363707,-0.3085475728243684
STEEP_HIGH_RATE_STRESS,CASH,247,0.012352238963654116,0.0004337630553098383,0.0,0.0,0.0,0.0121056774129924
STEEP_LOW_RATE_NORMAL,SPY,729,0.17187187510445057,0.12851422116385813,0.17074104249876565,1.3285770318062116,-0.09727646959554104,0.5821963558752186
STEEP_LOW_RATE_NORMAL,GOLD,729,-0.08341429557618485,0.15781579876909868,-0.08429978061786703,-0.5341656619639621,-0.2938842167945491,-0.2227296116070141
STEEP_LOW_RATE_NORMAL,IEF,729,-0.026369289257355266,0.05723685269175779,-0.027309655385897913,-0.4771341207905122,-0.10090065457835817,-0.07439378036630084
STEEP_LOW_RATE_NORMAL,DBC,729,0.1302513268872194,0.16770246023213123,0.12916049545319197,0.7701765094823889,-0.16729311358300714,0.42504228905381836
STEEP_LOW_RATE_NORMAL,DBB,729,0.08237758408462392,0.18892289260841977,0.08133298177865433,0.4305088740475359,-0.20976618122351187,0.2573405636324757
STEEP_LOW_RATE_NORMAL,DBA,729,0.05091085581995314,0.1278855889088981,0.04989635576985574,0.39016402235439074,-0.21305886240778704,0.1544815720074535
STEEP_LOW_RATE_NORMAL,CASH,729,0.0009665412276600449,5.632411716234509e-05,0.0,0.0,0.0,0.0027986241653432664
STEEP_LOW_RATE_STRESS,SPY,191,0.6996124574879174,0.19379547307270517,0.6984969693667946,3.604299720173254,-0.0953751005914587,0.4948258623606048
STEEP_LOW_RATE_STRESS,GOLD,191,-0.021176000764218772,0.21284933137137296,-0.021818074874369375,-0.10250478464647779,-0.18520304167733648,-0.016091564868340513
STEEP_LOW_RATE_STRESS,IEF,191,-0.055739770030179714,0.07044711092333475,-0.056360782147365174,-0.8000439110796288,-0.06589198943542152,-0.042539008773443965
STEEP_LOW_RATE_STRESS,DBC,191,0.048622885869089805,0.18937124754597331,0.04793392979175448,0.25312147653311334,-0.14652865509881674,0.03664043384526927
STEEP_LOW_RATE_STRESS,DBB,191,0.012832432996449983,0.26515348958061963,0.012167733103803924,0.045889394565574206,-0.2074560937039327,0.009711143115127774
STEEP_LOW_RATE_STRESS,DBA,191,-0.20779217134505168,0.1268427834979439,-0.20831318440561286,-1.642294332093316,-0.19478670639691165,-0.1618408638144685
STEEP_LOW_RATE_STRESS,CASH,191,0.0006581483838676849,6.250740649827306e-05,0.0,0.0,-3.9684516073279497e-07,0.0004987949629973176
STEEP_MID_RATE_NORMAL,SPY,635,0.1886610821585173,0.11174561897369718,0.1864374216049287,1.6684092255000402,-0.09319743869421682,0.5457325637894046
STEEP_MID_RATE_NORMAL,GOLD,635,0.04403745417080618,0.14750425864713923,0.04208357326506751,0.28530412376594594,-0.22419371513951536,0.11470910433869852
STEEP_MID_RATE_NORMAL,IEF,635,0.03108057589779456,0.0622654487607215,0.029150463445054564,0.46816435158246794,-0.07550951567543007,0.0801778209602122
STEEP_MID_RATE_NORMAL,DBC,635,-0.016826866783982486,0.13432595125701038,-0.018667981924736288,-0.13897524454539842,-0.25364980892917155,-0.041860431914919505
STEEP_MID_RATE_NORMAL,DBB,635,0.08216405932453519,0.18511470852902795,0.08013846218596377,0.4329124510027641,-0.15223826061660672,0.22014988704195804
STEEP_MID_RATE_NORMAL,DBA,635,0.11611383131184039,0.13940500827555913,0.11402454414491281,0.8179372144186007,-0.14725028802383577,0.3189180818522499
STEEP_MID_RATE_NORMAL,CASH,635,0.0018757655884249491,0.00016144350207218062,0.0,0.0,0.0,0.004733371228150096
STEEP_MID_RATE_STRESS,SPY,338,-0.16459083468244828,0.2920261196699391,-0.16546614099192014,-0.5666141822482774,-0.2717407014711445,-0.21431981524433852
STEEP_MID_RATE_STRESS,GOLD,338,0.1319927018111149,0.22838730310862335,0.1308077615464247,0.5727453311369555,-0.1515557652827717,0.18091552702618086
STEEP_MID_RATE_STRESS,IEF,338,0.17892675815791703,0.0858333761343842,0.17769305677817582,2.0702093379150366,-0.06029337792694345,0.24704786289845182
STEEP_MID_RATE_STRESS,DBC,338,-0.4009024708202634,0.25264762464253876,-0.4015304732455093,-1.589290514065268,-0.5246966825955368,-0.4970044471679894
STEEP_MID_RATE_STRESS,DBB,338,-0.2018002464926827,0.29794978085957385,-0.20263502046786908,-0.6800979006706255,-0.36479800376850147,-0.26089655430200387
STEEP_MID_RATE_STRESS,DBA,338,-0.10207075086471706,0.2104220184830023,-0.1030112758681655,-0.4895460874807959,-0.23350135432444585,-0.13446414426072484
STEEP_MID_RATE_STRESS,CASH,338,0.0010477567586886227,6.100297088602713e-05,0.0,0.0,-1.1905747000495737e-06,0.0014055757330277974
