oil_nonrisk_rate_cross_state,asset,n_obs,annualized_return,annualized_volatility,annualized_excess_return_vs_cash,Sharpe,max_drawdown,cumulative_return
FLAT_HIGH_RATE__OIL_HIGH,SPY,87,0.22758708508134817,0.1554895830796773,0.18418987401132147,1.184580152336876,-0.08167192115494537,0.07335714140260352
FLAT_HIGH_RATE__OIL_HIGH,GOLD,87,-0.03896168981649961,0.2350277149836953,-0.07296753095125197,-0.3104635168508275,-0.16978779872229155,-0.013626417455167128
FLAT_HIGH_RATE__OIL_HIGH,IEF,87,0.08106358255421475,0.06019943229029825,0.04282639318080017,0.7114085889428243,-0.029459004488592844,0.0272750417643981
FLAT_HIGH_RATE__OIL_HIGH,DBC,87,0.25223094558108716,0.22500683602289653,0.20796636274953628,0.9242668641781789,-0.09908492407952008,0.08074786744186335
FLAT_HIGH_RATE__OIL_HIGH,DBB,87,0.04532260857954573,0.20753648110193118,0.008344656723908495,0.04020814403136204,-0.09892239129812486,0.015420558344623414
FLAT_HIGH_RATE__OIL_HIGH,DBA,87,0.04603402465798645,0.1800372112970312,0.009031246362334988,0.050163220687944036,-0.08666898053574856,0.015659087383724124
FLAT_HIGH_RATE__OIL_HIGH,CASH,87,0.036672008884987894,0.00010972791828199556,0.0,0.0,0.0,0.012511576950162917
FLAT_HIGH_RATE__OIL_MID,SPY,334,0.08306050346533955,0.13610642881541749,0.040637368672975516,0.29857053062560635,-0.14496103896861734,0.11154897636188976
FLAT_HIGH_RATE__OIL_MID,GOLD,334,0.5270073456438868,0.23030189805551668,0.46726622072404433,2.028929091202735,-0.1386771322042547,0.7525178297398154
FLAT_HIGH_RATE__OIL_MID,IEF,334,0.11049173639576138,0.05410383173756031,0.06700067155624856,1.2383720229141353,-0.027225280573924038,0.1490154685788163
FLAT_HIGH_RATE__OIL_MID,DBC,334,0.2749832105395209,0.1560499428911813,0.22506948050823983,1.4422913353142852,-0.10327498469311602,0.37986082227812235
FLAT_HIGH_RATE__OIL_MID,DBB,334,0.23955563381574319,0.1820374829910792,0.1910243139231349,1.0493680245650074,-0.13946901612201068,0.3292739428630067
FLAT_HIGH_RATE__OIL_MID,DBA,334,0.087031659892425,0.13192384044578656,0.04445305869078564,0.33696001071961973,-0.10787129780748206,0.11695399995049649
FLAT_HIGH_RATE__OIL_MID,CASH,334,0.040771380711356775,0.00020633385390629336,0.0,0.0,0.0,0.05439348653507903
FLAT_LOW_RATE__OIL_HIGH,SPY,27,0.5794881985608713,0.15051954065221884,0.578414313932456,3.8427855375197058,-0.0372536320899054,0.050194193407807175
FLAT_LOW_RATE__OIL_HIGH,GOLD,27,-0.46496461879754203,0.16760919944111424,-0.4653298876647952,-2.776278922734659,-0.06312682249142842,-0.06481372317349543
FLAT_LOW_RATE__OIL_HIGH,IEF,27,-0.14516292514703155,0.03946957287793121,-0.1457452883657836,-3.6925985699550044,-0.017984962801199322,-0.016664343150300187
FLAT_LOW_RATE__OIL_HIGH,DBC,27,1.4135549522276918,0.1403078177926423,1.4119159861113126,10.062988708141345,-0.027706289993622124,0.09900327038704959
FLAT_LOW_RATE__OIL_HIGH,DBB,27,0.19256513923682284,0.1693222747246018,0.1917523412248492,1.1324696738023943,-0.06451615700315161,0.019047696882360077
FLAT_LOW_RATE__OIL_HIGH,DBA,27,0.5973040274976835,0.1130081133783019,0.5962180109461759,5.275886775937033,-0.021135266133981756,0.05145702544446129
FLAT_LOW_RATE__OIL_HIGH,CASH,27,0.0006814611101138013,1.295326623212483e-05,0.0,0.0,0.0,7.29914874195714e-05
FLAT_LOW_RATE__OIL_LOW,SPY,90,0.984464850011636,0.22899698072524305,0.9817775617586693,4.287294787247144,-0.0698950637250666,0.2773244288850585
FLAT_LOW_RATE__OIL_LOW,GOLD,90,0.5469086077177117,0.17962484336866433,0.5448120197888127,3.03305494702998,-0.07628033076842866,0.16860017927715076
FLAT_LOW_RATE__OIL_LOW,IEF,90,0.010149074621781828,0.04307576986924934,0.00877726121000677,0.20376330444351795,-0.019555405994619024,0.0036129103821933573
FLAT_LOW_RATE__OIL_LOW,DBC,90,0.4909022166735859,0.20262906606490533,0.4888807555194008,2.412688194312678,-0.10714283051497586,0.15331018869019997
FLAT_LOW_RATE__OIL_LOW,DBB,90,0.7129899187578623,0.17500961025695788,0.710668911949093,4.060742212417097,-0.04011685095370898,0.21194764652877418
FLAT_LOW_RATE__OIL_LOW,DBA,90,0.13933255076063844,0.13483653044311078,0.13778527019155629,1.0218689975094666,-0.0552764388295236,0.0476888533174864
FLAT_LOW_RATE__OIL_LOW,CASH,90,0.0013599521016371963,1.9591904137103845e-05,0.0,0.0,0.0,0.00048548502555534334
FLAT_LOW_RATE__OIL_MID,SPY,95,0.17669307335416717,0.17101333631774485,0.17554157823325856,1.0264788817820627,-0.09440451171881992,0.06325859876907947
FLAT_LOW_RATE__OIL_MID,GOLD,95,-0.08634879784485217,0.1724964539862867,-0.08724383197638319,-0.5057717417386388,-0.12762899568057784,-0.03347109928347436
FLAT_LOW_RATE__OIL_MID,IEF,95,-0.043648983696430665,0.035692215133488206,-0.04458546015222242,-1.2491648384801461,-0.02367129126491274,-0.01668415198302342
FLAT_LOW_RATE__OIL_MID,DBC,95,0.32381010504794694,0.15495194491426648,0.3225151567539537,2.0813882454486032,-0.060471918463796404,0.11154321516281729
FLAT_LOW_RATE__OIL_MID,DBB,95,0.5340617777350571,0.17039515752524687,0.5325620709187608,3.125453085953179,-0.06488547617502649,0.17505935475288337
FLAT_LOW_RATE__OIL_MID,DBA,95,0.35911411281587924,0.10236900779013236,0.35778499464151614,3.4950518947591487,-0.030040032358329194,0.12262670108620966
FLAT_LOW_RATE__OIL_MID,CASH,95,0.0009799924706133112,7.767488825351613e-06,0.0,0.0,0.0,0.00036932888429541677
FLAT_MID_RATE__OIL_HIGH,SPY,28,-0.14593788801873753,0.14366266203944997,-0.15848392371305298,-1.1031671101119724,-0.05032564710311349,-0.017375208029021816
FLAT_MID_RATE__OIL_HIGH,GOLD,28,0.10584825299275646,0.10226901508216445,0.08960130631715635,0.8761334627616129,-0.027773479835128678,0.01124190842891859
FLAT_MID_RATE__OIL_HIGH,IEF,28,-0.058538592503748044,0.05177202254054908,-0.07237059811415203,-1.3978707912651018,-0.012666480662230417,-0.006680024571728893
FLAT_MID_RATE__OIL_HIGH,DBC,28,0.10807622982721332,0.10475888601774082,0.09179744525762379,0.8762735911689437,-0.03040975254441347,0.011468080576856332
FLAT_MID_RATE__OIL_HIGH,DBB,28,-0.3680914526327502,0.12989023198578226,-0.3773876000041614,-2.9054347985572164,-0.06525301741572609,-0.04972244856139507
FLAT_MID_RATE__OIL_HIGH,DBA,28,0.06659467235316585,0.10750549723268249,0.0509300421942156,0.4737436085150488,-0.040700973440273236,0.007189165994946123
FLAT_MID_RATE__OIL_HIGH,CASH,28,0.014905473644168277,0.00020644129377648762,0.0,0.0,0.0,0.0016452940960416385
FLAT_MID_RATE__OIL_LOW,SPY,12,0.4885535393968776,0.13425322736211961,0.4535974971391663,3.378671083382474,-0.019983887818669555,0.019123647646207553
FLAT_MID_RATE__OIL_LOW,GOLD,12,0.788210968948321,0.10140813042380446,0.7462487539288689,7.358865120677692,-0.011547098821608426,0.028063500722284695
FLAT_MID_RATE__OIL_LOW,IEF,12,0.4943930959850391,0.048729357531020076,0.45930153044209154,9.425560970093027,-0.0019980019120229287,0.019313673638176487
FLAT_MID_RATE__OIL_LOW,DBC,12,0.33743402168149705,0.08101681521277454,0.3060140455328777,3.777167057594065,-0.013613830257937387,0.013941665796330494
FLAT_MID_RATE__OIL_LOW,DBB,12,0.3734458901808899,0.1286607312659471,0.34118269182789107,2.6518012797755066,-0.020576221374279724,0.015225353458527824
FLAT_MID_RATE__OIL_LOW,DBA,12,1.1994937066770164,0.07792927640971657,1.1479225939171238,14.730312493623972,-0.0036809360658329737,0.03824794952984778
FLAT_MID_RATE__OIL_LOW,CASH,12,0.024083328586639308,6.335420742042532e-06,0.0,0.0,0.0,0.0011338756314263065
FLAT_MID_RATE__OIL_MID,SPY,415,0.16762594558662136,0.09340159021775103,0.15265448785684166,1.6343885312975064,-0.06618391134353996,0.2907362374567135
FLAT_MID_RATE__OIL_MID,GOLD,415,0.12519391043175787,0.10905234934373512,0.11076829663621268,1.0157350786370394,-0.11698162953219626,0.21440218238934827
FLAT_MID_RATE__OIL_MID,IEF,415,0.032119516737613596,0.04461571607520714,0.01888097788227716,0.4231911878417498,-0.05591051070084041,0.053442648735057885
FLAT_MID_RATE__OIL_MID,DBC,415,0.0505709039071518,0.1323486344993336,0.03709168176284994,0.2802573815979696,-0.12017070059761836,0.0846355660599809
FLAT_MID_RATE__OIL_MID,DBB,415,0.020202221097347817,0.13240456136266618,0.007108248570149467,0.053685828471418236,-0.18865144668338163,0.03348638893030054
FLAT_MID_RATE__OIL_MID,DBA,415,-0.10586662031420735,0.1075421537914278,-0.11734359751119305,-1.0911404818874524,-0.17119078189275427,-0.1682973467599067
FLAT_MID_RATE__OIL_MID,CASH,415,0.012996029855289803,0.00040921117274080336,0.0,0.0,0.0,0.021492010146037632
INVERTED__OIL_MID,SPY,604,0.24188650268804057,0.12387261481578979,0.18485457088177948,1.4922957035877187,-0.09974317142568767,0.6807298146614467
INVERTED__OIL_MID,GOLD,604,0.20706655076411562,0.14276833334128697,0.15162906988856872,1.0620637387851284,-0.11347406182164954,0.5699848171240376
INVERTED__OIL_MID,IEF,604,-0.0023245663192614785,0.07654134574094035,-0.048178709987739654,-0.6294468632783639,-0.10375258948098809,-0.0055625368764802285
INVERTED__OIL_MID,DBC,604,0.04516062749952621,0.15725430834702592,-0.002870622256948785,-0.018254649345529846,-0.15405806812469547,0.11167643507670588
INVERTED__OIL_MID,DBB,604,0.10636539755756558,0.19423275520040983,0.05553177266117082,0.2859032329736197,-0.215949846299603,0.2741402698034969
INVERTED__OIL_MID,DBA,604,0.1910215108608475,0.16039111208403653,0.13631338667537007,0.8498811742383144,-0.12358702821176815,0.5204286271558585
INVERTED__OIL_MID,CASH,604,0.04816556668101768,0.0005006067013706935,0.0,0.0,0.0,0.11935250575784173
STEEP_HIGH_RATE__OIL_HIGH,SPY,209,0.07899385446474838,0.1579250810634307,0.07804652433504877,0.4941996787939044,-0.09831955092327826,0.0650862586144978
STEEP_HIGH_RATE__OIL_HIGH,GOLD,209,0.39574936629697977,0.17559571442670505,0.3945248165912314,2.246779301415747,-0.12703473192549386,0.3185549498482192
STEEP_HIGH_RATE__OIL_HIGH,IEF,209,0.1166418411142609,0.062450717850221736,0.11566111190169104,1.8520381491704563,-0.044026923818010655,0.09581720041933917
STEEP_HIGH_RATE__OIL_HIGH,DBC,209,0.015355655217942576,0.21609179767164563,0.0144638459810702,0.06693380376726843,-0.15185381964943778,0.012718858582351888
STEEP_HIGH_RATE__OIL_HIGH,DBB,209,0.009672569595368552,0.26733748386233663,0.008785366180197984,0.032862455549712365,-0.220962663211268,0.0080154961631973
STEEP_HIGH_RATE__OIL_HIGH,DBA,209,-0.1389253635738109,0.16225814361885776,-0.13968231805149822,-0.8608647611525135,-0.17114156319460205,-0.11666567775903958
STEEP_HIGH_RATE__OIL_HIGH,CASH,209,0.0008793197222396465,2.9076352676469928e-05,0.0,0.0,0.0,0.0007292223786536933
STEEP_HIGH_RATE__OIL_LOW,SPY,31,0.40444837361874897,0.2500113584962685,0.40201783770242683,1.6079982930392624,-0.046246796787841826,0.042666816896681725
STEEP_HIGH_RATE__OIL_LOW,GOLD,31,0.5726153702804826,0.18374658438662106,0.5698952851270778,3.1015285918347275,-0.05458698736937695,0.05727433619000699
STEEP_HIGH_RATE__OIL_LOW,IEF,31,-0.22345733053446115,0.11001966529024236,-0.22480405195010333,-2.0433079064278994,-0.05883416157520005,-0.030632195430430387
STEEP_HIGH_RATE__OIL_LOW,DBC,31,1.7430898646193609,0.26540121867028565,1.73835497139124,6.54991329768851,-0.03679215764177113,0.132166969976244
STEEP_HIGH_RATE__OIL_LOW,DBB,31,0.3758111462826186,0.42304512123035476,0.37342884754882566,0.8827163553210858,-0.07997552912158945,0.04002776762635252
STEEP_HIGH_RATE__OIL_LOW,DBA,31,0.0705877682834326,0.2715682419022495,0.06873319832823666,0.2530973351183569,-0.08798066739364185,0.008425943874575292
STEEP_HIGH_RATE__OIL_LOW,CASH,31,0.0017354669471099093,1.177130112432404e-05,0.0,0.0,0.0,0.00021332769435700172
STEEP_HIGH_RATE__OIL_MID,SPY,146,0.5039691608976198,0.15179123381021162,0.5017603378326356,3.3055949624864316,-0.05113267536817445,0.26673580811959563
STEEP_HIGH_RATE__OIL_MID,GOLD,146,0.28272093537241405,0.14043921935265904,0.28083537888220644,1.999693391751178,-0.0777825895370371,0.1551756099553283
STEEP_HIGH_RATE__OIL_MID,IEF,146,0.06278790778919685,0.08531091690876984,0.061224754708257834,0.7176661197268649,-0.03638954172528919,0.035910509484173625
STEEP_HIGH_RATE__OIL_MID,DBC,146,0.20191840849932774,0.2042072146906617,0.20015112334298202,0.9801373749021358,-0.11367517618152079,0.1124404654180291
STEEP_HIGH_RATE__OIL_MID,DBB,146,0.6093784095973238,0.29612758613514917,0.6070152755517899,2.0498437294347687,-0.08439082474540138,0.3174390359950543
STEEP_HIGH_RATE__OIL_MID,DBA,146,0.17489401311063069,0.20944654728071294,0.17316657102080013,0.8267816933201186,-0.10775039329844405,0.09787980635036808
STEEP_HIGH_RATE__OIL_MID,CASH,146,0.0014732357359066306,2.035790158151467e-05,0.0,0.0,0.0,0.0008532770560039094
STEEP_LOW_RATE__OIL_HIGH,SPY,250,0.16199917310198164,0.13636229568366132,0.1613336413518407,1.1831250019881514,-0.09727646959554093,0.16061535633260426
STEEP_LOW_RATE__OIL_HIGH,GOLD,250,0.013900857904515673,0.12870228382545815,0.013320180080150124,0.10349606614762578,-0.09761143665716232,0.01378977644841406
STEEP_LOW_RATE__OIL_HIGH,IEF,250,-0.05162060438191618,0.056279258310574426,-0.052164135395018296,-0.9268802923299554,-0.06481023808106712,-0.051221594080382626
STEEP_LOW_RATE__OIL_HIGH,DBC,250,0.38140964752955875,0.1930001686959908,0.38061958884134417,1.9721204981996,-0.11584256129214288,0.37787180760804895
STEEP_LOW_RATE__OIL_HIGH,DBB,250,0.3223351248380202,0.20840163058559152,0.3215788622996667,1.5430726784433328,-0.13885410017157096,0.3194061561145227
STEEP_LOW_RATE__OIL_HIGH,DBA,250,0.24211207171994498,0.1472320722641986,0.2414015213795675,1.6395987482020074,-0.0858767789788083,0.2399765579055435
STEEP_LOW_RATE__OIL_HIGH,CASH,250,0.0005730640062704406,3.290058124833192e-05,0.0,0.0,0.0,0.0005685145866440866
STEEP_LOW_RATE__OIL_LOW,SPY,110,0.10055683433058471,0.10351515584425308,0.09939717145352445,0.9602185365307813,-0.0353317584708247,0.042711529402331916
STEEP_LOW_RATE__OIL_LOW,GOLD,110,0.02586082855339633,0.15027943948895223,0.024779166687036724,0.1648872711483487,-0.06831196007617868,0.011207297614035827
STEEP_LOW_RATE__OIL_LOW,IEF,110,-0.006180194286624863,0.06229831034970264,-0.007228080987517704,-0.11602370829873086,-0.043199580684313954,-0.0027024164091093983
STEEP_LOW_RATE__OIL_LOW,DBC,110,0.21725810870090512,0.17294130319865356,0.2159769290244462,1.2488452731060935,-0.07484856408732021,0.08960783094195501
STEEP_LOW_RATE__OIL_LOW,DBB,110,0.15051265267285907,0.1732253258092931,0.14929984814462993,0.8618823341628282,-0.13996845248862844,0.06311336756492514
STEEP_LOW_RATE__OIL_LOW,DBA,110,-0.012181020631048978,0.11848383371055206,-0.013221988743627455,-0.1115931881131385,-0.05374943048798542,-0.005335477022595514
STEEP_LOW_RATE__OIL_LOW,CASH,110,0.0010557010298746228,7.280097940479485e-05,0.0,0.0,0.0,0.0004606848868180524
STEEP_LOW_RATE__OIL_MID,SPY,369,0.20087574306673361,0.13003652237746646,0.19942966227143466,1.5336434612772532,-0.08981093146631935,0.3073982273425293
STEEP_LOW_RATE__OIL_MID,GOLD,369,-0.1722460112778783,0.176902527759687,-0.1732444112456245,-0.9793212874887132,-0.29664590487316567,-0.24179958058490525
STEEP_LOW_RATE__OIL_MID,IEF,369,-0.014925742917168305,0.05643834414037191,-0.01611317060253825,-0.2855004137340035,-0.05215530032142068,-0.021779621722935794
STEEP_LOW_RATE__OIL_MID,DBC,369,-0.0349921751780361,0.1461160477478875,-0.036155381605768366,-0.24744292063081133,-0.15731175093277538,-0.05081968577558971
STEEP_LOW_RATE__OIL_MID,DBB,369,-0.07197975013408797,0.17922061967599529,-0.07309788375641246,-0.40786536665570494,-0.24121962114049078,-0.10361446093534354
STEEP_LOW_RATE__OIL_MID,DBA,369,-0.044132084487626955,0.1157966677427789,-0.045284257529050076,-0.3910670178319877,-0.17774714322078633,-0.06395462415027131
STEEP_LOW_RATE__OIL_MID,CASH,369,0.0012066282906457726,5.760713190123183e-05,0.0,0.0,0.0,0.0017673433740545974
STEEP_MID_RATE__OIL_HIGH,SPY,91,0.13417306602907808,0.1091073207147333,0.13009607616177354,1.1923679851136335,-0.042522846573835316,0.04651465270572763
STEEP_MID_RATE__OIL_HIGH,GOLD,91,0.25354452707713393,0.11040612889436657,0.24904118942516718,2.255682650221734,-0.04661649410127333,0.08502403755747157
STEEP_MID_RATE__OIL_HIGH,IEF,91,0.017461593399256348,0.0634030246751413,0.013802943719617433,0.21770165998136068,-0.03047737536087669,0.00627073453940552
STEEP_MID_RATE__OIL_HIGH,DBC,91,-0.1781423928276069,0.1339214619247723,-0.1811022952267617,-1.3523022570384744,-0.09489122755773516,-0.06839438362064099
STEEP_MID_RATE__OIL_HIGH,DBB,91,0.5821679495141199,0.1737863847918905,0.5764856640673073,3.317208449658757,-0.05045039612369828,0.1801910626832277
STEEP_MID_RATE__OIL_HIGH,DBA,91,-0.00986100026261405,0.12614181579702557,-0.01342201905787821,-0.10640420048713696,-0.04547612704878712,-0.003572194620405811
STEEP_MID_RATE__OIL_HIGH,CASH,91,0.0036095134476696877,0.00017139796024709514,0.0,0.0,0.0,0.0013019354562704422
STEEP_MID_RATE__OIL_LOW,SPY,32,0.3526360693031929,0.14039699330016725,0.35200902465469186,2.507240478448854,-0.031220376714141573,0.03910132881781414
STEEP_MID_RATE__OIL_LOW,GOLD,32,-0.18302758049608658,0.11730803972831266,-0.18340806339371463,-1.5634739427791198,-0.055434600121368915,-0.02534316498491862
STEEP_MID_RATE__OIL_LOW,IEF,32,-0.07565218649437477,0.07486960426082451,-0.07608300360354536,-1.0162068352664684,-0.02536461666299128,-0.009939713359686575
STEEP_MID_RATE__OIL_LOW,DBC,32,0.20399139734358163,0.20473348419791265,0.20343343506369482,0.9936500414706902,-0.05166653412377753,0.023853666837547527
STEEP_MID_RATE__OIL_LOW,DBB,32,-0.35077368852685453,0.26907408066531285,-0.35107539973513935,-1.3047536903854506,-0.08081475575029962,-0.053376494662586094
STEEP_MID_RATE__OIL_LOW,DBA,32,1.8407669692213169,0.18474783555708163,1.83945662077819,9.956580087834654,-0.032918046896900255,0.14177130739525623
STEEP_MID_RATE__OIL_LOW,CASH,32,0.0004654899219911357,3.325535993097564e-05,0.0,0.0,0.0,5.90978243240059e-05
STEEP_MID_RATE__OIL_MID,SPY,512,0.18897400409846798,0.11042810722486499,0.18700991688443103,1.6934992510885145,-0.06867867848527687,0.42144854271524634
STEEP_MID_RATE__OIL_MID,GOLD,512,0.026257992665853047,0.15483547399099531,0.02456149412302322,0.15862963111703737,-0.20402109030664106,0.05407243403501849
STEEP_MID_RATE__OIL_MID,IEF,512,0.04060287427791498,0.06130858697442457,0.03888271028743184,0.6342131209719793,-0.06451490564705697,0.08422339251309907
STEEP_MID_RATE__OIL_MID,DBC,512,0.00222236659933972,0.1290330257644207,0.0005656216630141042,0.004383541807713445,-0.18435989588972124,0.00452046122936034
STEEP_MID_RATE__OIL_MID,DBB,512,0.04434189061579352,0.180658895789103,0.04261480619254887,0.23588545699015237,-0.16518707663570475,0.09215323985953372
STEEP_MID_RATE__OIL_MID,DBA,512,0.07546163626828828,0.13784577619586774,0.07368364763929636,0.5345368546845993,-0.17619874877136932,0.15929205423552584
STEEP_MID_RATE__OIL_MID,CASH,512,0.0016561137184916142,0.00015588352693661917,0.0,0.0,0.0,0.0033676772261046484
