period_start_date,INDPRO,realtime_start_date
1927-01-01,106.0000,1927-02-28
1927-02-01,108.0000,1927-03-28
1927-03-01,112.0000,1927-04-28
1927-04-01,109.0000,1927-05-27
1927-05-01,111.0000,1927-06-27
1927-06-01,108.0000,1927-07-28
1927-07-01,105.0000,1927-08-29
1927-08-01,107.0000,1927-09-28
1927-09-01,106.0000,1927-10-28
1927-10-01,103.0000,1927-11-28
1927-11-01,98.0000,1927-12-27
1927-12-01,99.0000,1928-01-27
1928-01-01,106.0000,1928-02-27
1928-02-01,110.0000,1928-03-28
1928-03-01,109.0000,1928-04-28
1928-04-01,109.0000,1928-05-28
1928-05-01,109.0000,1928-06-28
1928-06-01,108.0000,1928-07-28
1928-07-01,109.0000,1928-08-27
1928-08-01,112.0000,1928-09-28
1928-09-01,115.0000,1928-10-29
1928-10-01,114.0000,1928-11-28
1928-11-01,112.0000,1928-12-28
1928-12-01,112.0000,1929-01-29
1929-01-01,117.0000,1929-03-01
1929-02-01,117.0000,1929-03-26
1929-03-01,118.0000,1929-04-27
1929-04-01,123.0000,1929-05-27
1929-05-01,123.0000,1929-06-27
1929-06-01,126.0000,1929-07-27
1929-07-01,124.0000,1929-08-28
1929-08-01,123.0000,1929-09-26
1929-09-01,121.0000,1929-10-26
1929-10-01,117.0000,1929-11-27
1929-11-01,106.0000,1929-12-23
1929-12-01,99.0000,1930-01-24
1930-01-01,103.0000,1930-02-24
1930-02-01,106.0000,1930-03-24
1930-03-01,104.0000,1930-04-24
1930-04-01,106.0000,1930-05-24
1930-05-01,104.0000,1930-06-25
1930-06-01,101.0000,1930-07-25
1930-07-01,94.0000,1930-08-25
1930-08-01,91.0000,1930-09-25
1930-09-01,90.0000,1930-10-24
1930-10-01,88.0000,1930-11-24
1930-11-01,84.0000,1930-12-26
1930-12-01,82.0000,1931-01-23
1931-01-01,82.0000,1931-02-26
1931-02-01,86.0000,1931-03-25
1931-03-01,88.0000,1931-04-24
1931-04-01,90.0000,1931-05-25
1931-05-01,89.0000,1931-06-26
1931-06-01,85.0000,1931-07-24
1931-07-01,83.0000,1931-08-26
1931-08-01,79.0000,1931-09-26
1931-09-01,76.0000,1931-10-26
1931-10-01,73.0000,1931-11-27
1931-11-01,72.0000,1931-12-24
1931-12-01,71.0000,1932-01-27
1932-01-01,72.0000,1932-02-29
1932-02-01,69.0000,1932-03-28
1932-03-01,67.0000,1932-04-28
1932-04-01,64.0000,1932-05-26
1932-05-01,60.0000,1932-06-24
1932-06-01,59.0000,1932-07-25
1932-07-01,58.0000,1932-08-25
1932-08-01,60.0000,1932-09-24
1932-09-01,66.0000,1932-10-26
1932-10-01,66.0000,1932-11-25
1932-11-01,65.0000,1932-12-24
1932-12-01,66.0000,1933-01-25
1933-01-01,65.0000,1933-02-27
1933-02-01,64.0000,1933-03-28
1933-03-01,60.0000,1933-04-26
1933-04-01,67.0000,1933-05-25
1933-05-01,77.0000,1933-06-24
1933-06-01,90.0000,1933-07-26
1933-07-01,100.0000,1933-08-24
1933-08-01,91.0000,1933-09-25
1933-09-01,84.0000,1933-10-26
1933-10-01,77.0000,1933-11-25
1933-11-01,73.0000,1933-12-24
1933-12-01,75.0000,1934-01-26
1934-01-01,78.0000,1934-02-26
1934-02-01,81.0000,1934-03-27
1934-03-01,85.0000,1934-04-23
1934-04-01,86.0000,1934-05-24
1934-05-01,86.0000,1934-06-25
1934-06-01,84.0000,1934-07-27
1934-07-01,75.0000,1934-08-25
1934-08-01,73.0000,1934-09-28
1934-09-01,71.0000,1934-10-25
1934-10-01,74.0000,1934-11-26
1934-11-01,74.0000,1934-12-26
1934-12-01,86.0000,1935-01-28
1935-01-01,91.0000,1935-02-26
1935-02-01,89.0000,1935-03-27
1935-03-01,87.0000,1935-04-27
1935-04-01,86.0000,1935-05-27
1935-05-01,85.0000,1935-06-25
1935-06-01,86.0000,1935-07-26
1935-07-01,86.0000,1935-08-26
1935-08-01,86.0000,1935-09-26
1935-09-01,89.0000,1935-10-27
1935-10-01,94.0000,1935-11-28
1935-11-01,97.0000,1935-12-27
1935-12-01,104.0000,1936-01-27
1936-01-01,98.0000,1936-02-26
1936-02-01,94.0000,1936-03-27
1936-03-01,93.0000,1936-04-25
1936-04-01,100.0000,1936-05-28
1936-05-01,101.0000,1936-06-27
1936-06-01,103.0000,1936-07-25
1936-07-01,108.0000,1936-08-28
1936-08-01,107.0000,1936-09-26
1936-09-01,109.0000,1936-10-28
1936-10-01,109.0000,1936-11-28
1936-11-01,114.0000,1936-12-25
1936-12-01,121.0000,1937-01-28
1937-01-01,115.0000,1937-02-28
1937-02-01,116.0000,1937-03-27
1937-03-01,118.0000,1937-04-26
1937-04-01,118.0000,1937-05-27
1937-05-01,118.0000,1937-06-27
1937-06-01,115.0000,1937-07-28
1937-07-01,114.0000,1937-08-27
1937-08-01,117.0000,1937-09-28
1937-09-01,111.0000,1937-10-29
1937-10-01,103.0000,1937-11-25
1937-11-01,89.0000,1937-12-24
1937-12-01,84.0000,1938-01-27
1938-01-01,81.0000,1938-02-26
1938-02-01,79.0000,1938-03-25
1938-03-01,79.0000,1938-04-27
1938-04-01,77.0000,1938-05-25
1938-05-01,76.0000,1938-06-24
1938-06-01,77.0000,1938-07-25
1938-07-01,83.0000,1938-08-25
1938-08-01,88.0000,1938-09-26
1938-09-01,90.0000,1938-10-27
1938-10-01,96.0000,1938-11-26
1938-11-01,103.0000,1938-12-25
1938-12-01,104.0000,1939-01-25
1939-01-01,101.0000,1939-02-27
1939-02-01,98.0000,1939-03-26
1939-03-01,98.0000,1939-04-26
1939-04-01,92.0000,1939-05-26
1939-05-01,92.0000,1939-06-24
1939-06-01,98.0000,1939-07-24
1939-07-01,102.0000,1939-08-18
1939-08-01,102.0000,1939-09-18
1939-09-01,111.0000,1939-10-20
1939-10-01,120.0000,1939-11-18
1939-11-01,124.0000,1939-12-19
1939-12-01,128.0000,1940-01-18
1940-01-01,119.0000,1940-02-19
1940-02-01,109.0000,1940-03-19
1940-03-01,103.0000,1940-04-18
1940-04-01,102.0000,1940-05-17
1940-05-01,106.0000,1940-06-19
1940-06-01,114.0000,1940-07-18
1940-07-01,121.0000,1940-08-19
1940-08-01,122.0000,1940-09-18
1940-09-01,125.0000,1940-10-15
1940-10-01,128.0000,1940-11-18
1940-11-01,133.0000,1940-12-19
1940-12-01,137.0000,1941-01-17
1941-01-01,139.0000,1941-02-17
1941-02-01,141.0000,1941-03-19
1941-03-01,143.0000,1941-04-19
1941-04-01,140.0000,1941-05-19
1941-05-01,151.0000,1941-06-20
1941-06-01,157.0000,1941-07-20
1941-07-01,161.0000,1941-08-20
1941-08-01,160.0000,1941-09-19
1941-09-01,162.0000,1941-10-20
1941-10-01,164.0000,1941-11-21
1941-11-01,166.0000,1941-12-20
1941-12-01,168.0000,1942-01-21
1942-01-01,171.0000,1942-02-21
1942-02-01,173.0000,1942-03-23
1942-03-01,172.0000,1942-04-22
1942-04-01,173.0000,1942-05-23
1942-05-01,176.0000,1942-06-19
1942-06-01,177.0000,1942-07-24
1942-07-01,180.0000,1942-08-24
1942-08-01,183.0000,1942-09-21
1942-09-01,185.0000,1942-10-24
1942-10-01,188.0000,1942-11-23
1942-11-01,192.0000,1942-12-22
1942-12-01,196.0000,1943-01-23
1943-01-01,200.0000,1943-02-25
1943-02-01,203.0000,1943-03-26
1943-03-01,203.0000,1943-04-22
1943-04-01,203.0000,1943-05-22
1943-05-01,203.0000,1943-06-23
1943-06-01,201.0000,1943-07-24
1943-07-01,205.0000,1943-08-25
1943-08-01,241.0000,1943-09-22
1943-09-01,243.0000,1943-10-26
1943-10-01,245.0000,1943-11-26
1943-11-01,247.0000,1943-12-27
1943-12-01,245.0000,1944-01-26
1944-01-01,242.0000,1944-02-26
1944-02-01,243.0000,1944-03-25
1944-03-01,242.0000,1944-04-26
1944-04-01,239.0000,1944-05-23
1944-05-01,237.0000,1944-06-23
1944-06-01,235.0000,1944-07-26
1944-07-01,233.0000,1944-08-26
1944-08-01,232.0000,1944-09-26
1944-09-01,231.0000,1944-10-27
1944-10-01,230.0000,1944-11-27
1944-11-01,232.0000,1944-12-26
1944-12-01,231.0000,1945-01-25
1945-01-01,234.0000,1945-02-27
1945-02-01,235.0000,1945-03-26
1945-03-01,235.0000,1945-04-25
1945-04-01,231.0000,1945-05-26
1945-05-01,227.0000,1945-06-23
1945-06-01,222.0000,1945-07-26
1945-07-01,211.0000,1945-08-25
1945-08-01,188.0000,1945-09-29
1945-09-01,172.0000,1945-10-26
1945-10-01,163.0000,1945-11-26
1945-11-01,170.0000,1945-12-22
1945-12-01,164.0000,1946-01-26
1946-01-01,159.0000,1946-02-28
1946-02-01,154.0000,1946-03-23
1946-03-01,168.0000,1946-04-23
1946-04-01,164.0000,1946-05-27
1946-05-01,160.0000,1946-06-28
1946-06-01,170.0000,1946-07-26
1946-07-01,173.0000,1946-08-28
1946-08-01,176.0000,1946-09-28
1946-09-01,178.0000,1946-10-28
1946-10-01,182.0000,1946-11-29
1946-11-01,182.0000,1946-12-21
1946-12-01,179.0000,1947-01-29
1947-01-01,188.0000,1947-02-27
1947-02-01,188.0000,1947-03-27
1947-03-01,189.0000,1947-04-29
1947-04-01,186.0000,1947-05-28
1947-05-01,186.0000,1947-06-27
1947-06-01,183.0000,1947-07-30
1947-07-01,178.0000,1947-08-27
1947-08-01,182.0000,1947-09-27
1947-09-01,185.0000,1947-10-24
1947-10-01,190.0000,1947-11-26
1947-11-01,192.0000,1947-12-24
1947-12-01,191.0000,1948-01-28
1948-01-01,192.0000,1948-02-26
1948-02-01,194.0000,1948-03-25
1948-03-01,192.0000,1948-04-24
1948-04-01,187.0000,1948-05-26
1948-05-01,192.0000,1948-06-25
1948-06-01,192.0000,1948-07-24
1948-07-01,187.0000,1948-08-28
1948-08-01,191.0000,1948-09-28
1948-09-01,192.0000,1948-10-23
1948-10-01,195.0000,1948-11-30
1948-11-01,194.0000,1948-12-30
1948-12-01,197.0000,1949-01-27
1949-01-01,192.0000,1949-02-26
1949-02-01,190.0000,1949-03-25
1949-03-01,185.0000,1949-04-27
1949-04-01,179.0000,1949-05-26
1949-05-01,174.0000,1949-06-28
1949-06-01,169.0000,1949-07-27
1949-07-01,162.0000,1949-08-30
1949-08-01,169.0000,1949-09-30
1949-09-01,171.0000,1949-10-28
1949-10-01,166.0000,1949-11-28
1949-11-01,171.0000,1949-12-30
1949-12-01,177.0000,1950-01-28
1950-01-01,182.0000,1950-03-01
1950-02-01,178.0000,1950-03-30
1950-03-01,184.0000,1950-04-28
1950-04-01,188.0000,1950-05-27
1950-05-01,193.0000,1950-06-28
1950-06-01,197.0000,1950-07-25
1950-07-01,199.0000,1950-08-25
1950-08-01,205.0000,1950-09-28
1950-09-01,213.0000,1950-10-27
1950-10-01,212.0000,1950-11-30
1950-11-01,214.0000,1950-12-30
1950-12-01,216.0000,1951-01-30
1951-01-01,219.0000,1951-02-28
1951-02-01,218.0000,1951-03-29
1951-03-01,223.0000,1951-05-01
1951-04-01,222.0000,1951-05-29
1951-05-01,223.0000,1951-06-29
1951-06-01,223.0000,1951-07-30
1951-07-01,215.0000,1951-08-27
1951-08-01,218.0000,1951-10-01
1951-09-01,220.0000,1951-10-30
1951-10-01,220.0000,1951-11-30
1951-11-01,218.0000,1951-12-28
1951-12-01,218.0000,1952-01-30
1952-01-01,218.0000,1952-02-29
1952-02-01,219.0000,1952-03-31
1952-03-01,222.0000,1952-04-29
1952-04-01,217.0000,1952-05-30
1952-05-01,214.0000,1952-06-27
1952-06-01,202.0000,1952-07-30
1952-07-01,192.0000,1952-08-28
1952-08-01,212.0000,1952-09-30
1952-09-01,223.0000,1952-10-30
1952-10-01,226.0000,1952-12-01
1952-11-01,229.0000,1953-01-02
1952-12-01,234.0000,1953-02-02
1953-01-01,236.0000,1953-02-27
1953-02-01,239.0000,1953-03-30
1953-03-01,241.0000,1953-04-28
1953-04-01,242.0000,1953-05-29
1953-05-01,242.0000,1953-06-26
1953-06-01,241.0000,1953-07-30
1953-07-01,232.0000,1953-08-31
1953-08-01,238.0000,1953-09-30
1953-09-01,232.0000,1953-10-30
1953-10-01,132.0000,1953-12-01
1953-11-01,130.0000,1953-12-31
1953-12-01,127.0000,1954-02-01
1954-01-01,125.0000,1954-02-15
1954-02-01,123.0000,1954-03-15
1954-03-01,123.0000,1954-04-15
1954-04-01,123.0000,1954-05-17
1954-05-01,125.0000,1954-06-14
1954-06-01,124.0000,1954-07-15
1954-07-01,124.0000,1954-08-16
1954-08-01,124.0000,1954-09-15
1954-09-01,121.0000,1954-10-14
1954-10-01,125.0000,1954-11-16
1954-11-01,129.0000,1954-12-15
1954-12-01,130.0000,1955-01-14
1955-01-01,131.0000,1955-02-15
1955-02-01,133.0000,1955-03-15
1955-03-01,135.0000,1955-04-14
1955-04-01,136.0000,1955-05-16
1955-05-01,138.0000,1955-06-15
1955-06-01,139.0000,1955-07-14
1955-07-01,140.0000,1955-08-15
1955-08-01,140.0000,1955-09-15
1955-09-01,141.0000,1955-10-14
1955-10-01,142.0000,1955-11-16
1955-11-01,144.0000,1955-12-14
1955-12-01,144.0000,1956-01-17
1956-01-01,144.0000,1956-02-14
1956-02-01,143.0000,1956-03-15
1956-03-01,142.0000,1956-04-16
1956-04-01,142.0000,1956-05-15
1956-05-01,142.0000,1956-06-15
1956-06-01,141.0000,1956-07-16
1956-07-01,136.0000,1956-08-15
1956-08-01,141.0000,1956-09-14
1956-09-01,144.0000,1956-10-16
1956-10-01,145.0000,1956-11-15
1956-11-01,147.0000,1956-12-14
1956-12-01,147.0000,1957-01-15
1957-01-01,146.0000,1957-02-15
1957-02-01,146.0000,1957-03-15
1957-03-01,146.0000,1957-04-15
1957-04-01,145.0000,1957-05-15
1957-05-01,143.0000,1957-06-17
1957-06-01,143.0000,1957-07-15
1957-07-01,144.0000,1957-08-15
1957-08-01,144.0000,1957-09-16
1957-09-01,144.0000,1957-10-15
1957-10-01,142.0000,1957-11-15
1957-11-01,139.0000,1957-12-16
1957-12-01,136.0000,1958-01-15
1958-01-01,133.0000,1958-02-14
1958-02-01,130.0000,1958-03-17
1958-03-01,128.0000,1958-04-14
1958-04-01,126.0000,1958-05-15
1958-05-01,127.0000,1958-06-13
1958-06-01,130.0000,1958-07-15
1958-07-01,133.0000,1958-08-15
1958-08-01,137.0000,1958-09-12
1958-09-01,137.0000,1958-10-14
1958-10-01,138.0000,1958-11-14
1958-11-01,141.0000,1958-12-12
1958-12-01,142.0000,1959-01-15
1959-01-01,143.0000,1959-02-16
1959-02-01,144.0000,1959-03-16
1959-03-01,147.0000,1959-04-15
1959-04-01,149.0000,1959-05-15
1959-05-01,152.0000,1959-06-15
1959-06-01,155.0000,1959-07-15
1959-07-01,153.0000,1959-08-14
1959-08-01,149.0000,1959-09-15
1959-09-01,148.0000,1959-10-15
1959-10-01,148.0000,1959-11-16
1959-11-01,148.0000,1959-12-15
1959-12-01,108.8000,1960-01-15
1960-01-01,112.0000,1960-02-16
1960-02-01,110.0000,1960-03-16
1960-03-01,109.0000,1960-04-15
1960-04-01,109.0000,1960-05-16
1960-05-01,110.0000,1960-06-15
1960-06-01,109.0000,1960-07-15
1960-07-01,109.0000,1960-08-16
1960-08-01,109.0000,1960-09-16
1960-09-01,107.0000,1960-10-14
1960-10-01,107.0000,1960-11-16
1960-11-01,105.0000,1960-12-16
1960-12-01,103.1000,1961-01-16
1961-01-01,102.1000,1961-02-16
1961-02-01,102.0000,1961-03-16
1961-03-01,102.4000,1961-04-14
1961-04-01,105.0000,1961-05-12
1961-05-01,108.2000,1961-06-15
1961-06-01,110.0000,1961-07-14
1961-07-01,112.4000,1961-08-15
1961-08-01,112.8000,1961-09-14
1961-09-01,111.6000,1961-10-16
1961-10-01,113.1000,1961-11-16
1961-11-01,114.1000,1961-12-15
1961-12-01,115.2000,1962-01-16
1962-01-01,114.1000,1962-02-15
1962-02-01,114.8000,1962-03-15
1962-03-01,115.8000,1962-04-13
1962-04-01,117.1000,1962-05-15
1962-05-01,117.6000,1962-06-15
1962-06-01,117.8000,1962-07-16
1962-07-01,118.7000,1962-08-14
1962-08-01,118.6000,1962-09-14
1962-09-01,118.8000,1962-10-16
1962-10-01,119.5000,1962-11-16
1962-11-01,119.5000,1962-12-14
1962-12-01,119.6000,1963-01-15
1963-01-01,119.0000,1963-02-14
1963-02-01,119.1000,1963-03-15
1963-03-01,120.4000,1963-04-12
1963-04-01,122.4000,1963-05-15
1963-05-01,123.8000,1963-06-14
1963-06-01,125.1000,1963-07-16
1963-07-01,126.5000,1963-08-15
1963-08-01,125.6000,1963-09-16
1963-09-01,125.7000,1963-10-15
1963-10-01,126.6000,1963-11-15
1963-11-01,126.9000,1963-12-16
1963-12-01,127.2000,1964-01-15
1964-01-01,127.1000,1964-02-14
1964-02-01,127.6000,1964-03-16
1964-03-01,128.2000,1964-04-15
1964-04-01,129.2000,1964-05-15
1964-05-01,130.3000,1964-06-16
1964-06-01,131.8000,1964-07-15
1964-07-01,132.7000,1964-08-14
1964-08-01,133.5000,1964-09-16
1964-09-01,133.9000,1964-10-16
1964-10-01,131.7000,1964-11-16
1964-11-01,134.9000,1964-12-16
1964-12-01,137.0000,1965-01-15
1965-01-01,137.7000,1965-02-15
1965-02-01,138.8000,1965-03-16
1965-03-01,140.1000,1965-04-15
1965-04-01,140.8000,1965-05-14
1965-05-01,141.3000,1965-06-16
1965-06-01,141.9000,1965-07-15
1965-07-01,143.6000,1965-08-16
1965-08-01,144.4000,1965-09-15
1965-09-01,142.8000,1965-10-15
1965-10-01,143.6000,1965-11-16
1965-11-01,145.5000,1965-12-15
1965-12-01,148.3000,1966-01-17
1966-01-01,149.9000,1966-02-16
1966-02-01,151.3000,1966-03-16
1966-03-01,152.9000,1966-04-14
1966-04-01,153.4000,1966-05-13
1966-05-01,154.8000,1966-06-16
1966-06-01,155.8000,1966-07-15
1966-07-01,157.5000,1966-08-15
1966-08-01,158.3000,1966-09-16
1966-09-01,158.2000,1966-10-14
1966-10-01,158.6000,1966-11-16
1966-11-01,158.3000,1966-12-14
1966-12-01,158.7000,1967-01-17
1967-01-01,157.9000,1967-02-16
1967-02-01,155.9000,1967-03-16
1967-03-01,156.4000,1967-04-14
1967-04-01,155.9000,1967-05-12
1967-05-01,155.5000,1967-06-16
1967-06-01,155.2000,1967-07-14
1967-07-01,156.3000,1967-08-16
1967-08-01,158.0000,1967-09-15
1967-09-01,156.3000,1967-10-16
1967-10-01,156.2000,1967-11-15
1967-11-01,159.0000,1967-12-15
1967-12-01,161.6000,1968-01-17
1968-01-01,161.2000,1968-02-15
1968-02-01,161.3000,1968-03-15
1968-03-01,162.1000,1968-04-16
1968-04-01,162.7000,1968-05-16
1968-05-01,163.7000,1968-06-14
1968-06-01,164.4000,1968-07-16
1968-07-01,165.3000,1968-08-15
1968-08-01,164.0000,1968-09-16
1968-09-01,163.4000,1968-10-16
1968-10-01,165.0000,1968-11-18
1968-11-01,167.4000,1968-12-17
1968-12-01,168.9000,1969-01-14
1969-01-01,169.4000,1969-02-14
1969-02-01,169.5000,1969-03-17
1969-03-01,170.5000,1969-04-16
1969-04-01,171.5000,1969-05-16
1969-05-01,172.8000,1969-06-16
1969-06-01,173.9000,1969-07-16
1969-07-01,175.2000,1969-08-15
1969-08-01,174.3000,1969-09-16
1969-09-01,173.8000,1969-10-16
1969-10-01,173.3000,1969-11-17
1969-11-01,171.1000,1969-12-15
1969-12-01,170.9000,1970-01-16
1970-01-01,169.9000,1970-02-13
1970-02-01,169.4000,1970-03-16
1970-03-01,170.2000,1970-04-16
1970-04-01,170.4000,1970-05-14
1970-05-01,169.0000,1970-06-12
1970-06-01,168.6000,1970-07-15
1970-07-01,169.2000,1970-08-13
1970-08-01,169.0000,1970-09-14
1970-09-01,166.0000,1970-10-15
1970-10-01,162.3000,1970-11-17
1970-11-01,161.4000,1970-12-15
1970-12-01,163.9000,1971-01-14
1971-01-01,165.1000,1971-02-16
1971-02-01,164.8000,1971-03-15
1971-03-01,165.2000,1971-04-14
1971-04-01,166.0000,1971-05-14
1971-05-01,167.3000,1971-06-14
1971-06-01,167.9000,1971-07-14
1971-07-01,106.0000,1971-08-16
1971-08-01,105.1000,1971-09-15
1971-09-01,105.3000,1971-10-18
1971-10-01,106.3000,1971-11-16
1971-11-01,107.0000,1971-12-15
1971-12-01,107.8000,1972-01-17
1972-01-01,107.9000,1972-02-15
1972-02-01,109.0000,1972-03-15
1972-03-01,109.6000,1972-04-14
1972-04-01,110.9000,1972-05-16
1972-05-01,111.6000,1972-06-14
1972-06-01,112.7000,1972-07-17
1972-07-01,113.6000,1972-08-15
1972-08-01,114.3000,1972-09-18
1972-09-01,115.2000,1972-10-17
1972-10-01,116.7000,1972-11-15
1972-11-01,118.5000,1972-12-15
1972-12-01,119.3000,1973-01-15
1973-01-01,119.8000,1973-02-16
1973-02-01,120.8000,1973-03-16
1973-03-01,121.7000,1973-04-16
1973-04-01,123.0000,1973-05-15
1973-05-01,123.4000,1973-06-15
1973-06-01,123.9000,1973-07-16
1973-07-01,126.3000,1973-08-16
1973-08-01,126.2000,1973-09-14
1973-09-01,127.4000,1973-10-16
1973-10-01,127.8000,1973-11-15
1973-11-01,127.2000,1973-12-14
1973-12-01,126.6000,1974-01-16
1974-01-01,125.7000,1974-02-15
1974-02-01,124.8000,1974-03-15
1974-03-01,123.9000,1974-04-15
1974-04-01,124.7000,1974-05-15
1974-05-01,125.4000,1974-06-14
1974-06-01,125.5000,1974-07-15
1974-07-01,125.7000,1974-08-15
1974-08-01,125.2000,1974-09-13
1974-09-01,125.5000,1974-10-15
1974-10-01,124.9000,1974-11-15
1974-11-01,122.0000,1974-12-13
1974-12-01,118.3000,1975-01-15
1975-01-01,113.7000,1975-02-13
1975-02-01,110.3000,1975-03-14
1975-03-01,109.6000,1975-04-15
1975-04-01,109.4000,1975-05-15
1975-05-01,109.2000,1975-06-16
1975-06-01,110.0000,1975-07-15
1975-07-01,110.8000,1975-08-15
1975-08-01,112.9000,1975-09-15
1975-09-01,116.2000,1975-10-16
1975-10-01,116.5000,1975-11-14
1975-11-01,116.8000,1975-12-15
1975-12-01,118.5000,1976-01-16
1976-01-01,119.3000,1976-02-13
1976-02-01,119.9000,1976-03-16
1976-03-01,120.9000,1976-04-15
1976-04-01,122.5000,1976-05-14
1976-05-01,123.2000,1976-06-16
1976-06-01,129.9000,1976-07-16
1976-07-01,130.4000,1976-08-13
1976-08-01,131.4000,1976-09-16
1976-09-01,131.3000,1976-10-15
1976-10-01,130.4000,1976-11-15
1976-11-01,132.0000,1976-12-15
1976-12-01,132.8000,1977-01-17
1977-01-01,131.5000,1977-02-15
1977-02-01,133.2000,1977-03-15
1977-03-01,135.1000,1977-04-14
1977-04-01,136.1000,1977-05-16
1977-05-01,137.8000,1977-06-15
1977-06-01,138.6000,1977-07-15
1977-07-01,139.0000,1977-08-15
1977-08-01,138.2000,1977-09-16
1977-09-01,138.8000,1977-10-14
1977-10-01,139.1000,1977-11-15
1977-11-01,139.7000,1977-12-14
1977-12-01,139.6000,1978-01-17
1978-01-01,138.6000,1978-02-15
1978-02-01,139.2000,1978-03-16
1978-03-01,141.0000,1978-04-14
1978-04-01,142.5000,1978-05-16
1978-05-01,143.7000,1978-06-15
1978-06-01,144.3000,1978-07-14
1978-07-01,145.3000,1978-08-15
1978-08-01,146.6000,1978-09-15
1978-09-01,147.5000,1978-10-17
1978-10-01,148.4000,1978-11-15
1978-11-01,149.5000,1978-12-15
1978-12-01,150.4000,1979-01-17
1979-01-01,150.7000,1979-02-15
1979-02-01,151.2000,1979-03-16
1979-03-01,152.2000,1979-04-13
1979-04-01,150.5000,1979-05-16
1979-05-01,152.1000,1979-06-15
1979-06-01,151.4000,1979-07-13
1979-07-01,152.1000,1979-08-16
1979-08-01,150.9000,1979-09-14
1979-09-01,152.3000,1979-10-16
1979-10-01,152.5000,1979-11-15
1979-11-01,151.6000,1979-12-14
1979-12-01,152.2000,1980-01-16
1980-01-01,152.7000,1980-02-15
1980-02-01,153.0000,1980-03-14
1980-03-01,151.2000,1980-04-15
1980-04-01,148.5000,1980-05-16
1980-05-01,145.5000,1980-06-13
1980-06-01,141.2000,1980-07-16
1980-07-01,138.8000,1980-08-15
1980-08-01,140.5000,1980-09-16
1980-09-01,142.4000,1980-10-16
1980-10-01,146.0000,1980-11-14
1980-11-01,148.5000,1980-12-16
1980-12-01,150.7000,1981-01-15
1981-01-01,151.8000,1981-02-17
1981-02-01,150.8000,1981-03-17
1981-03-01,151.7000,1981-04-15
1981-04-01,152.8000,1981-05-15
1981-05-01,152.8000,1981-06-16
1981-06-01,152.7000,1981-07-15
1981-07-01,153.4000,1981-08-14
1981-08-01,152.8000,1981-09-16
1981-09-01,152.1000,1981-10-16
1981-10-01,149.5000,1981-11-13
1981-11-01,146.5000,1981-12-16
1981-12-01,143.3000,1982-01-15
1982-01-01,139.1000,1982-02-17
1982-02-01,141.8000,1982-03-16
1982-03-01,141.2000,1982-04-15
1982-04-01,140.7000,1982-05-14
1982-05-01,140.3000,1982-06-15
1982-06-01,138.4000,1982-07-15
1982-07-01,138.1000,1982-08-13
1982-08-01,138.0000,1982-09-15
1982-09-01,137.3000,1982-10-15
1982-10-01,136.3000,1982-11-16
1982-11-01,135.6000,1982-12-15
1982-12-01,134.7000,1983-01-14
1983-01-01,136.2000,1983-02-16
1983-02-01,137.3000,1983-03-15
1983-03-01,139.1000,1983-04-15
1983-04-01,142.6000,1983-05-13
1983-05-01,144.3000,1983-06-15
1983-06-01,145.9000,1983-07-15
1983-07-01,148.6000,1983-08-16
1983-08-01,150.5000,1983-09-15
1983-09-01,153.7000,1983-10-14
1983-10-01,154.8000,1983-11-15
1983-11-01,156.3000,1983-12-15
1983-12-01,156.9000,1984-01-13
1984-01-01,158.1000,1984-02-15
1984-02-01,159.9000,1984-03-15
1984-03-01,160.7000,1984-04-13
1984-04-01,163.1000,1984-05-15
1984-05-01,163.2000,1984-06-15
1984-06-01,163.6000,1984-07-13
1984-07-01,165.6000,1984-08-15
1984-08-01,166.2000,1984-09-14
1984-09-01,165.1000,1984-10-16
1984-10-01,165.2000,1984-11-15
1984-11-01,165.0000,1984-12-14
1984-12-01,166.2000,1985-01-15
1985-01-01,166.6000,1985-02-15
1985-02-01,164.7000,1985-03-15
1985-03-01,165.4000,1985-04-16
1985-04-01,165.4000,1985-05-15
1985-05-01,165.3000,1985-06-14
1985-06-01,124.6000,1985-07-18
1985-07-01,124.9000,1985-08-15
1985-08-01,124.8000,1985-09-13
1985-09-01,124.7000,1985-10-16
1985-10-01,124.9000,1985-11-15
1985-11-01,125.1000,1985-12-14
1985-12-01,126.0000,1986-01-16
1986-01-01,126.7000,1986-02-14
1986-02-01,125.7000,1986-03-14
1986-03-01,125.1000,1986-04-15
1986-04-01,125.1000,1986-05-15
1986-05-01,124.2000,1986-06-16
1986-06-01,124.1000,1986-07-15
1986-07-01,124.1000,1986-08-15
1986-08-01,124.8000,1986-09-16
1986-09-01,125.3000,1986-10-16
1986-10-01,125.2000,1986-11-14
1986-11-01,125.9000,1986-12-15
1986-12-01,126.6000,1987-01-16
1987-01-01,126.9000,1987-02-13
1987-02-01,127.3000,1987-03-13
1987-03-01,126.7000,1987-04-15
1987-04-01,126.3000,1987-05-15
1987-05-01,127.8000,1987-06-16
1987-06-01,128.2000,1987-07-15
1987-07-01,129.8000,1987-08-14
1987-08-01,130.7000,1987-09-15
1987-09-01,131.2000,1987-10-16
1987-10-01,131.7000,1987-11-16
1987-11-01,132.5000,1987-12-14
1987-12-01,133.3000,1988-01-15
1988-01-01,133.8000,1988-02-17
1988-02-01,134.4000,1988-03-16
1988-03-01,134.6000,1988-04-15
1988-04-01,135.6000,1988-05-16
1988-05-01,136.0000,1988-06-15
1988-06-01,136.6000,1988-07-15
1988-07-01,137.7000,1988-08-15
1988-08-01,138.2000,1988-09-14
1988-09-01,138.3000,1988-10-14
1988-10-01,139.2000,1988-11-15
1988-11-01,139.9000,1988-12-14
1988-12-01,140.2000,1989-01-18
1989-01-01,141.1000,1989-02-15
1989-02-01,141.1000,1989-03-16
1989-03-01,141.0000,1989-04-14
1989-04-01,141.1000,1989-05-15
1989-05-01,141.4000,1989-06-15
1989-06-01,141.1000,1989-07-14
1989-07-01,141.7000,1989-08-16
1989-08-01,142.4000,1989-09-15
1989-09-01,142.3000,1989-10-17
1989-10-01,141.4000,1989-11-14
1989-11-01,141.5000,1989-12-15
1989-12-01,142.8000,1990-01-17
1990-01-01,140.9000,1990-02-16
1990-02-01,141.8000,1990-03-16
1990-03-01,108.8000,1990-04-17
1990-04-01,108.7000,1990-05-15
1990-05-01,109.7000,1990-06-15
1990-06-01,109.8000,1990-07-17
1990-07-01,109.9000,1990-08-15
1990-08-01,109.8000,1990-09-14
1990-09-01,110.7000,1990-10-17
1990-10-01,109.6000,1990-11-13
1990-11-01,107.5000,1990-12-14
1990-12-01,107.1000,1991-01-16
1991-01-01,106.5000,1991-02-15
1991-02-01,105.7000,1991-03-15
1991-03-01,105.3000,1991-04-16
1991-04-01,105.1000,1991-05-13
1991-05-01,105.8000,1991-06-14
1991-06-01,106.9000,1991-07-15
1991-07-01,107.6000,1991-08-16
1991-08-01,108.2000,1991-09-17
1991-09-01,108.1000,1991-10-17
1991-10-01,108.2000,1991-11-15
1991-11-01,107.8000,1991-12-16
1991-12-01,107.8000,1992-01-17
1992-01-01,106.7000,1992-02-14
1992-02-01,107.2000,1992-03-17
1992-03-01,107.2000,1992-04-15
1992-04-01,108.2000,1992-05-15
1992-05-01,108.8000,1992-06-16
1992-06-01,108.2000,1992-07-15
1992-07-01,108.9000,1992-08-14
1992-08-01,108.6000,1992-09-16
1992-09-01,108.6000,1992-10-16
1992-10-01,109.0000,1992-11-16
1992-11-01,109.7000,1992-12-16
1992-12-01,110.5000,1993-01-15
1993-01-01,111.0000,1993-02-18
1993-02-01,111.8000,1993-03-17
1993-03-01,112.0000,1993-04-16
1993-04-01,110.0000,1993-05-14
1993-05-01,110.4000,1993-06-16
1993-06-01,110.1000,1993-07-16
1993-07-01,110.6000,1993-08-16
1993-08-01,111.1000,1993-09-16
1993-09-01,111.0000,1993-10-15
1993-10-01,112.2000,1993-11-15
1993-11-01,113.2000,1993-12-15
1993-12-01,114.0000,1994-01-14
1994-01-01,114.4000,1994-02-15
1994-02-01,115.1000,1994-03-15
1994-03-01,115.6000,1994-04-15
1994-04-01,116.0000,1994-05-16
1994-05-01,116.1000,1994-06-15
1994-06-01,116.8000,1994-07-15
1994-07-01,117.2000,1994-08-15
1994-08-01,118.5000,1994-09-16
1994-09-01,118.7000,1994-10-14
1994-10-01,119.8000,1994-11-15
1994-11-01,120.2000,1994-12-14
1994-12-01,121.4000,1995-01-17
1995-01-01,121.9000,1995-02-15
1995-02-01,122.6000,1995-03-15
1995-03-01,121.9000,1995-04-14
1995-04-01,121.1000,1995-05-16
1995-05-01,120.9000,1995-06-15
1995-06-01,121.0000,1995-07-14
1995-07-01,121.3000,1995-08-15
1995-08-01,123.0000,1995-09-15
1995-09-01,122.6000,1995-10-17
1995-10-01,122.5000,1995-11-15
1995-11-01,122.8000,1995-12-14
1995-12-01,122.8000,1996-01-24
1996-01-01,121.9000,1996-02-16
1996-02-01,123.7000,1996-03-15
1996-03-01,123.5000,1996-04-16
1996-04-01,124.5000,1996-05-15
1996-05-01,125.3000,1996-06-14
1996-06-01,125.7000,1996-07-16
1996-07-01,126.2000,1996-08-15
1996-08-01,126.9000,1996-09-17
1996-09-01,127.1000,1996-10-17
1996-10-01,126.6000,1996-11-15
1996-11-01,128.0000,1996-12-16
1996-12-01,129.1000,1997-01-17
1997-01-01,117.6890,1997-02-14
1997-02-01,118.1300,1997-03-14
1997-03-01,119.5900,1997-04-16
1997-04-01,118.9940,1997-05-15
1997-05-01,119.7370,1997-06-17
1997-06-01,119.8860,1997-07-16
1997-07-01,119.8110,1997-08-14
1997-08-01,121.3150,1997-09-16
1997-09-01,122.3870,1997-10-17
1997-10-01,122.6940,1997-11-17
1997-11-01,127.3270,1997-12-15
1997-12-01,128.1350,1998-01-16
1998-01-01,127.9250,1998-02-17
1998-02-01,128.1030,1998-03-17
1998-03-01,127.6930,1998-04-17
1998-04-01,127.8080,1998-05-15
1998-05-01,128.7630,1998-06-16
1998-06-01,128.0720,1998-07-16
1998-07-01,126.7880,1998-08-14
1998-08-01,129.0960,1998-09-16
1998-09-01,128.6580,1998-10-16
1998-10-01,128.2890,1998-11-16
1998-11-01,131.8110,1998-12-16
1998-12-01,132.7740,1999-01-15
1999-01-01,132.5060,1999-02-17
1999-02-01,132.5930,1999-03-16
1999-03-01,132.7550,1999-04-16
1999-04-01,133.9660,1999-05-14
1999-05-01,134.1260,1999-06-16
1999-06-01,134.1840,1999-07-16
1999-07-01,135.1480,1999-08-17
1999-08-01,135.6300,1999-09-16
1999-09-01,135.0430,1999-10-15
1999-10-01,136.1330,1999-11-16
1999-11-01,139.5420,1999-12-15
1999-12-01,140.4920,2000-01-14
2000-01-01,141.4850,2000-02-15
2000-02-01,142.0750,2000-03-15
2000-03-01,142.0170,2000-04-14
2000-04-01,143.6830,2000-05-15
2000-05-01,144.1590,2000-06-15
2000-06-01,144.6020,2000-07-14
2000-07-01,145.3190,2000-08-15
2000-08-01,145.6810,2000-09-15
2000-09-01,145.9600,2000-10-17
2000-10-01,146.3160,2000-11-15
2000-11-01,148.6020,2000-12-15
2000-12-01,147.3060,2001-01-17
2001-01-01,146.9970,2001-02-16
2001-02-01,146.0010,2001-03-16
2001-03-01,146.4660,2001-04-17
2001-04-01,144.8660,2001-05-14
2001-05-01,143.1200,2001-06-15
2001-06-01,142.5010,2001-07-17
2001-07-01,142.8490,2001-08-15
2001-08-01,141.4990,2001-09-14
2001-09-01,140.3000,2001-10-16
2001-10-01,139.3070,2001-11-16
2001-11-01,137.1390,2001-12-14
2001-12-01,136.7370,2002-01-16
2002-01-01,136.5180,2002-02-15
2002-02-01,137.6340,2002-03-15
2002-03-01,138.8450,2002-04-16
2002-04-01,139.1510,2002-05-15
2002-05-01,139.3340,2002-06-14
2002-06-01,140.5700,2002-07-16
2002-07-01,140.6870,2002-08-15
2002-08-01,140.5420,2002-09-17
2002-09-01,140.4930,2002-10-17
2002-10-01,139.2930,2002-11-15
2002-11-01,110.7960,2002-12-17
2002-12-01,110.6020,2003-01-17
2003-01-01,111.1290,2003-02-14
2003-02-01,111.1080,2003-03-14
2003-03-01,110.1400,2003-04-15
2003-04-01,109.6560,2003-05-15
2003-05-01,109.5830,2003-06-17
2003-06-01,109.6780,2003-07-16
2003-07-01,110.0370,2003-08-15
2003-08-01,110.2130,2003-09-15
2003-09-01,110.6020,2003-10-16
2003-10-01,111.7510,2003-11-14
2003-11-01,112.9460,2003-12-16
2003-12-01,113.1870,2004-01-16
2004-01-01,113.7950,2004-02-17
2004-02-01,114.5900,2004-03-15
2004-03-01,114.5230,2004-04-16
2004-04-01,115.4230,2004-05-14
2004-05-01,116.9470,2004-06-16
2004-06-01,116.1900,2004-07-15
2004-07-01,116.2130,2004-08-17
2004-08-01,116.6200,2004-09-15
2004-09-01,116.6660,2004-10-15
2004-10-01,117.5920,2004-11-17
2004-11-01,117.6000,2004-12-14
2004-12-01,117.8130,2005-01-14
2005-01-01,117.6670,2005-02-16
2005-02-01,118.3930,2005-03-16
2005-03-01,118.5270,2005-04-15
2005-04-01,118.2770,2005-05-17
2005-05-01,118.6410,2005-06-15
2005-06-01,119.6570,2005-07-15
2005-07-01,119.4440,2005-08-16
2005-08-01,119.6780,2005-09-14
2005-09-01,118.0160,2005-10-14
2005-10-01,107.8770,2005-11-17
2005-11-01,108.9600,2005-12-15
2005-12-01,109.7620,2006-01-17
2006-01-01,110.2690,2006-02-15
2006-02-01,110.8780,2006-03-17
2006-03-01,111.2088,2006-04-14
2006-04-01,112.2624,2006-05-16
2006-05-01,112.0991,2006-06-15
2006-06-01,113.2096,2006-07-17
2006-07-01,113.5293,2006-08-16
2006-08-01,113.7063,2006-09-15
2006-09-01,113.1336,2006-10-17
2006-10-01,113.6615,2006-11-16
2006-11-01,112.3227,2006-12-15
2006-12-01,112.4425,2007-01-17
2007-01-01,111.9282,2007-02-15
2007-02-01,113.1433,2007-03-16
2007-03-01,112.4866,2007-04-17
2007-04-01,113.0344,2007-05-16
2007-05-01,112.6889,2007-06-15
2007-06-01,113.3704,2007-07-17
2007-07-01,113.8604,2007-08-15
2007-08-01,114.4254,2007-09-14
2007-09-01,114.3570,2007-10-16
2007-10-01,113.9957,2007-11-16
2007-11-01,113.9019,2007-12-14
2007-12-01,113.9673,2008-01-16
2008-01-01,114.2334,2008-02-15
2008-02-01,113.6597,2008-03-17
2008-03-01,112.1281,2008-04-16
2008-04-01,111.1807,2008-05-15
2008-05-01,110.9051,2008-06-17
2008-06-01,111.7251,2008-07-16
2008-07-01,111.8419,2008-08-15
2008-08-01,110.3034,2008-09-15
2008-09-01,107.2540,2008-10-16
2008-10-01,107.2854,2008-11-17
2008-11-01,106.1173,2008-12-15
2008-12-01,103.5966,2009-01-16
2009-01-01,101.3370,2009-02-18
2009-02-01,99.7298,2009-03-16
2009-03-01,97.3755,2009-04-15
2009-04-01,97.0723,2009-05-15
2009-05-01,95.8402,2009-06-16
2009-06-01,95.3964,2009-07-15
2009-07-01,95.9709,2009-08-14
2009-08-01,97.4422,2009-09-16
2009-09-01,98.4622,2009-10-16
2009-10-01,98.6271,2009-11-17
2009-11-01,99.4398,2009-12-15
2009-12-01,100.3043,2010-01-15
2010-01-01,101.0516,2010-02-17
2010-02-01,100.9862,2010-03-15
2010-03-01,101.6100,2010-04-15
2010-04-01,102.2666,2010-05-14
2010-05-01,103.5380,2010-06-16
2010-06-01,92.5354,2010-07-15
2010-07-01,93.4009,2010-08-17
2010-08-01,93.2093,2010-09-15
2010-09-01,93.1902,2010-10-18
2010-10-01,93.3753,2010-11-16
2010-11-01,93.8961,2010-12-15
2010-12-01,94.8756,2011-01-14
2011-01-01,95.1452,2011-02-16
2011-02-01,95.4850,2011-03-17
2011-03-01,93.5904,2011-04-15
2011-04-01,93.0970,2011-05-17
2011-05-01,92.9815,2011-06-15
2011-06-01,93.0700,2011-07-15
2011-07-01,94.1525,2011-08-16
2011-08-01,94.0419,2011-09-15
2011-09-01,94.1851,2011-10-17
2011-10-01,94.7136,2011-11-16
2011-11-01,94.8263,2011-12-15
2011-12-01,95.2915,2012-01-18
2012-01-01,95.9054,2012-02-15
2012-02-01,96.1735,2012-03-16
2012-03-01,96.5685,2012-04-17
2012-04-01,97.4133,2012-05-16
2012-05-01,97.2853,2012-06-15
2012-06-01,97.4298,2012-07-17
2012-07-01,98.0398,2012-08-15
2012-08-01,96.8202,2012-09-14
2012-09-01,97.0328,2012-10-16
2012-10-01,96.5879,2012-11-16
2012-11-01,97.5090,2012-12-14
2012-12-01,98.0930,2013-01-16
2013-01-01,98.6212,2013-02-15
2013-02-01,99.4965,2013-03-15
2013-03-01,99.4765,2013-04-16
2013-04-01,98.7439,2013-05-15
2013-05-01,98.6709,2013-06-14
2013-06-01,99.0549,2013-07-16
2013-07-01,98.9462,2013-08-15
2013-08-01,99.3579,2013-09-16
2013-09-01,100.0439,2013-10-28
2013-10-01,99.9778,2013-11-15
2013-11-01,101.2825,2013-12-16
2013-12-01,101.7629,2014-01-17
2014-01-01,101.0251,2014-02-14
2014-02-01,101.6276,2014-03-17
2014-03-01,103.2374,2014-04-16
2014-04-01,102.7435,2014-05-15
2014-05-01,103.6585,2014-06-16
2014-06-01,103.9152,2014-07-16
2014-07-01,104.3882,2014-08-15
2014-08-01,104.1152,2014-09-15
2014-09-01,105.0728,2014-10-16
2014-10-01,104.8568,2014-11-17
2014-11-01,106.6617,2014-12-15
2014-12-01,106.5114,2015-01-16
2015-01-01,106.1878,2015-02-18
2015-02-01,105.8028,2015-03-16
2015-03-01,105.2161,2015-04-15
2015-04-01,105.1786,2015-05-15
2015-05-01,105.1018,2015-06-15
2015-06-01,105.7065,2015-07-15
2015-07-01,107.4770,2015-08-14
2015-08-01,107.0793,2015-09-15
2015-09-01,107.0917,2015-10-16
2015-10-01,107.2123,2015-11-17
2015-11-01,106.5339,2015-12-16
2015-12-01,106.0222,2016-01-15
2016-01-01,106.8477,2016-02-17
2016-02-01,106.3275,2016-03-16
2016-03-01,103.3759,2016-04-15
2016-04-01,104.1470,2016-05-17
2016-05-01,103.5527,2016-06-15
2016-06-01,104.1342,2016-07-15
2016-07-01,104.9141,2016-08-16
2016-08-01,104.4016,2016-09-15
2016-09-01,104.2260,2016-10-17
2016-10-01,104.2687,2016-11-16
2016-11-01,103.8589,2016-12-14
2016-12-01,104.5712,2017-01-18
2017-01-01,104.5548,2017-02-15
2017-02-01,104.7361,2017-03-17
2017-03-01,104.0998,2017-04-18
2017-04-01,105.1241,2017-05-16
2017-05-01,105.0284,2017-06-15
2017-06-01,105.1600,2017-07-14
2017-07-01,105.4757,2017-08-17
2017-08-01,104.7390,2017-09-15
2017-09-01,104.6367,2017-10-17
2017-10-01,106.1469,2017-11-16
2017-11-01,106.3969,2017-12-15
2017-12-01,107.4637,2018-01-17
2018-01-01,107.2433,2018-02-15
2018-02-01,108.2189,2018-03-16
2018-03-01,107.1665,2018-04-17
2018-04-01,107.3051,2018-05-16
2018-05-01,107.3006,2018-06-15
2018-06-01,107.7140,2018-07-17
2018-07-01,107.9989,2018-08-15
2018-08-01,108.2317,2018-09-14
2018-09-01,108.4822,2018-10-16
2018-10-01,109.0654,2018-11-16
2018-11-01,109.3931,2018-12-14
2018-12-01,109.9487,2019-01-18
2019-01-01,109.4447,2019-02-15
2019-02-01,109.6678,2019-03-15
2019-03-01,110.2214,2019-04-16
2019-04-01,109.1818,2019-05-15
2019-05-01,109.5645,2019-06-14
2019-06-01,109.5965,2019-07-16
2019-07-01,109.1756,2019-08-15
2019-08-01,109.9206,2019-09-17
2019-09-01,109.5174,2019-10-17
2019-10-01,108.6714,2019-11-15
2019-11-01,109.6770,2019-12-17
2019-12-01,109.4330,2020-01-17
2020-01-01,109.2026,2020-02-14
2020-02-01,109.6035,2020-03-17
2020-03-01,103.6635,2020-04-15
2020-04-01,92.5919,2020-05-15
2020-05-01,92.5503,2020-06-16
2020-06-01,97.4587,2020-07-15
2020-07-01,100.1665,2020-08-14
2020-08-01,101.3605,2020-09-15
2020-09-01,101.5055,2020-10-16
2020-10-01,103.2054,2020-11-17
2020-11-01,103.9818,2020-12-15
2020-12-01,105.7244,2021-01-15
2021-01-01,107.1843,2021-02-17
2021-02-01,104.6526,2021-03-16
2021-03-01,105.5830,2021-04-15
2021-04-01,106.3127,2021-05-14
2021-05-01,99.8562,2021-06-15
2021-06-01,100.0951,2021-07-15
2021-07-01,101.1148,2021-08-17
2021-08-01,101.5949,2021-09-15
2021-09-01,100.0178,2021-10-18
2021-10-01,101.6110,2021-11-16
2021-11-01,102.2852,2021-12-16
2021-12-01,101.8926,2022-01-14
2022-01-01,103.4677,2022-02-16
2022-02-01,103.5811,2022-03-17
2022-03-01,104.5853,2022-04-15
2022-04-01,105.5973,2022-05-17
2022-05-01,105.7475,2022-06-17
2022-06-01,104.3648,2022-07-15
2022-07-01,104.8075,2022-08-16
2022-08-01,104.5464,2022-09-15
2022-09-01,105.1762,2022-10-18
2022-10-01,104.6894,2022-11-16
2022-11-01,104.5175,2022-12-15
2022-12-01,103.4332,2023-01-18
2023-01-01,102.9525,2023-02-15
2023-02-01,102.6460,2023-03-17
2023-03-01,103.0258,2023-04-14
2023-04-01,103.0398,2023-05-16
2023-05-01,103.0107,2023-06-15
2023-06-01,102.2468,2023-07-18
2023-07-01,102.8957,2023-08-16
2023-08-01,103.4886,2023-09-15
2023-09-01,103.6115,2023-10-17
2023-10-01,102.7081,2023-11-16
2023-11-01,102.6651,2023-12-15
2023-12-01,102.4840,2024-01-17
2024-01-01,102.5739,2024-02-15
2024-02-01,102.3313,2024-03-15
2024-03-01,102.6577,2024-04-16
2024-04-01,102.7623,2024-05-16
2024-05-01,103.3284,2024-06-18
2024-06-01,103.9941,2024-07-17
2024-07-01,102.8887,2024-08-15
2024-08-01,103.1389,2024-09-17
2024-09-01,102.6418,2024-10-17
2024-10-01,102.2805,2024-11-15
2024-11-01,101.9621,2024-12-17
2024-12-01,103.1942,2025-01-17
2025-01-01,103.5110,2025-02-14
2025-02-01,104.2062,2025-03-18
2025-03-01,103.8892,2025-04-16
2025-04-01,103.8799,2025-05-15
2025-05-01,103.5948,2025-06-17
2025-06-01,104.0071,2025-07-16
2025-07-01,103.9867,2025-08-15
2025-08-01,103.9203,2025-09-16
2025-09-01,101.4279,2025-12-03
2025-10-01,101.6160,2025-12-23
2025-11-01,101.7935,2025-12-23
2025-12-01,102.3250,2026-01-16
2026-01-01,102.3412,2026-02-18
2026-02-01,102.5510,2026-03-16
