strategy_id,window,cumulative_return,max_drawdown,Sharpe,time_in_credit_lock,number_credit_entries,number_credit_unlocks,false_recovery_count,missed_rebound_count,avg_weight_SPY,avg_weight_GOLD,avg_weight_IEF,avg_weight_CASH,avg_weight_CMDTY_FUT
BASELINE_ABS,2008_GFC,0.6872160720059863,-0.12389705845112686,1.8464926542189803,27,1,1,1,0,0.5491217052028362,0.3632622870898713,0.732183908045977,0.1,0.4517866708594859
BASELINE_ABS,2011_EURO_DEBT,0.019120574802459656,-0.12478603999535476,0.16368717381065512,0,0,0,0,0,1.0,0.30000000000000004,0.7,,
BASELINE_ABS,2015_2016,0.147791812599936,-0.06357779582701362,1.6182198939594874,0,0,0,0,0,0.8328537400730626,0.3,0.7,,0.41203496633152
BASELINE_ABS,2018Q4,0.0971443216794512,-0.04569042248481847,3.2972729605866995,32,2,1,1,1,0.4950861212123282,0.8429049642268531,0.9000000000000001,0.1,0.4296440955640339
BASELINE_ABS,COVID_2020,0.2622879989779916,-0.15383533620823908,2.432267166780271,27,2,2,1,1,0.5171187439104504,1.0,,,0.4828812560895497
BASELINE_ABS,2022_RATE_WAR,-0.005608412135206131,-0.21900496327357288,-0.02544799502251154,70,3,3,3,2,0.5050875182111231,0.686701986425053,0.7444444444444444,0.1,0.36819365393364867
BASELINE_ABS,2025_PULLBACK,0.49337599047685354,-0.08797658983502676,2.1664077785536016,10,1,1,0,0,,0.45266875203223383,0.9,0.1,0.5473312479677661
CW15_ABS05_ZW126_UZ0P5,2008_GFC,0.5642551693501958,-0.15007092107743147,1.699634236165773,120,1,1,1,1,0.5552351818055431,0.33009608088443776,0.7382022471910112,0.09999999999999999,0.4436334466700454
CW15_ABS05_ZW126_UZ0P5,2011_EURO_DEBT,0.019120574802459656,-0.12478603999535476,0.16368717381065512,0,0,0,0,0,1.0,0.30000000000000004,0.7,,
CW15_ABS05_ZW126_UZ0P5,2015_2016,0.147791812599936,-0.06357779582701362,1.6182198939594874,0,0,0,0,0,0.8328537400730626,0.3,0.7,,0.41203496633152
CW15_ABS05_ZW126_UZ0P5,2018Q4,0.09533271870402582,-0.04569042248481847,3.704550780779263,50,3,2,2,2,0.49508612121232815,0.8999945323820354,0.9000000000000001,0.09999999999999999,0.3946877551265817
CW15_ABS05_ZW126_UZ0P5,COVID_2020,0.10112286366197765,-0.15383533620823908,1.054343965817744,58,3,2,2,2,0.5411237107159279,1.0,,,0.458876289284072
CW15_ABS05_ZW126_UZ0P5,2022_RATE_WAR,0.057994523068183756,-0.16905122540885398,0.283471362340152,127,1,1,1,1,0.4893162920482251,0.7204343140383593,0.8034482758620689,0.1,0.39265234628180323
CW15_ABS05_ZW126_UZ0P5,2025_PULLBACK,0.51371867983613,-0.08797658983502676,2.34676493025733,54,4,4,2,2,,0.44954859695193783,0.9,0.1,0.5504514030480621
CW15_ABS05_ZW126_UZ1P0,2008_GFC,0.6208506405380383,-0.12389705845112753,1.8509328504946618,111,1,1,1,1,0.5545065097174294,0.3312486967480971,0.7395348837209302,0.09999999999999999,0.44430626916937493
CW15_ABS05_ZW126_UZ1P0,2011_EURO_DEBT,0.019120574802459656,-0.12478603999535476,0.16368717381065512,0,0,0,0,0,1.0,0.30000000000000004,0.7,,
CW15_ABS05_ZW126_UZ1P0,2015_2016,0.147791812599936,-0.06357779582701362,1.6182198939594874,0,0,0,0,0,0.8328537400730626,0.3,0.7,,0.41203496633152
CW15_ABS05_ZW126_UZ1P0,2018Q4,0.09533271870402582,-0.04569042248481847,3.704550780779263,50,3,2,2,2,0.49508612121232815,0.8999945323820354,0.9000000000000001,0.09999999999999999,0.3946877551265817
CW15_ABS05_ZW126_UZ1P0,COVID_2020,0.1901155299673074,-0.15383533620823908,2.019851298250896,44,3,2,2,1,0.5312940383184089,1.0,,,0.46870596168159107
CW15_ABS05_ZW126_UZ1P0,2022_RATE_WAR,0.057994523068183756,-0.16905122540885398,0.283471362340152,118,1,1,1,1,0.4893162920482251,0.7204343140383593,0.8034482758620689,0.1,0.39265234628180323
CW15_ABS05_ZW126_UZ1P0,2025_PULLBACK,0.5248430848919918,-0.08797658983502687,2.397322592737367,50,4,4,2,2,,0.4493565119721835,0.9000000000000001,0.1,0.5506434880278163
CW15_ABS05_ZW126_UZ1P5,2008_GFC,0.62264754590482,-0.12389705845112842,1.85586352634828,110,1,1,1,1,0.554411623834691,0.3313822381871915,0.7396887159533073,0.09999999999999999,0.4443931681847031
CW15_ABS05_ZW126_UZ1P5,2011_EURO_DEBT,0.019120574802459656,-0.12478603999535476,0.16368717381065512,0,0,0,0,0,1.0,0.30000000000000004,0.7,,
CW15_ABS05_ZW126_UZ1P5,2015_2016,0.147791812599936,-0.06357779582701362,1.6182198939594874,0,0,0,0,0,0.8328537400730626,0.3,0.7,,0.41203496633152
CW15_ABS05_ZW126_UZ1P5,2018Q4,0.09533271870402582,-0.04569042248481847,3.704550780779263,50,3,2,2,1,0.49508612121232815,0.8999945323820354,0.9000000000000001,0.09999999999999999,0.3946877551265817
CW15_ABS05_ZW126_UZ1P5,COVID_2020,0.16574678774842466,-0.15383533620823908,1.4843639249045264,31,3,2,2,1,0.5190450070381222,1.0,,,0.48095499296187777
CW15_ABS05_ZW126_UZ1P5,2022_RATE_WAR,0.0036056549547354155,-0.21176823605953754,0.017641576209344,105,2,2,2,1,0.4897528311024744,0.7189869081842977,0.76,0.10000000000000002,0.3692801170501986
CW15_ABS05_ZW126_UZ1P5,2025_PULLBACK,0.5461583132773342,-0.08797658983502699,2.4563418558705097,36,4,4,2,1,,0.4509526172011456,0.9,0.1,0.5490473827988542
CW15_ABS05_ZW252_UZ0P5,2008_GFC,0.6520176774148769,-0.10238566543315253,1.9869897834244183,248,1,1,1,1,0.5337118878049483,0.3233867634898179,0.7302670623145401,0.09999999999999999,0.4586005076059721
CW15_ABS05_ZW252_UZ0P5,2011_EURO_DEBT,0.019120574802459656,-0.12478603999535476,0.16368717381065512,0,0,0,0,0,1.0,0.30000000000000004,0.7,,
CW15_ABS05_ZW252_UZ0P5,2015_2016,0.147791812599936,-0.06357779582701362,1.6182198939594874,0,0,0,0,0,0.8328537400730626,0.3,0.7,,0.41203496633152
CW15_ABS05_ZW252_UZ0P5,2018Q4,0.0830366529316795,-0.043022277196462455,3.277032391880694,74,2,2,1,2,0.49508612121232815,0.9511293976854244,0.9000000000000001,0.09999999999999999,0.4336957161182547
CW15_ABS05_ZW252_UZ0P5,COVID_2020,0.030182479693404485,-0.15383533620823908,0.29757960572067177,67,3,2,2,2,0.5499700780475236,1.0,,,0.4500299219524762
CW15_ABS05_ZW252_UZ0P5,2022_RATE_WAR,0.057994523068183756,-0.16905122540885398,0.283471362340152,231,1,1,0,1,0.4893162920482251,0.7204343140383593,0.8034482758620689,0.1,0.39265234628180323
CW15_ABS05_ZW252_UZ0P5,2025_PULLBACK,0.5109320735110343,-0.08797658983502687,2.3339237550958996,52,4,4,2,2,,0.4494518185042838,0.9,0.10000000000000002,0.5505481814957162
CW15_ABS05_ZW252_UZ1P0,2008_GFC,0.6520176774148769,-0.10238566543315253,1.9869897834244183,248,1,1,1,1,0.5337118878049483,0.3233867634898179,0.7302670623145401,0.09999999999999999,0.4586005076059721
CW15_ABS05_ZW252_UZ1P0,2011_EURO_DEBT,0.019120574802459656,-0.12478603999535476,0.16368717381065512,0,0,0,0,0,1.0,0.30000000000000004,0.7,,
CW15_ABS05_ZW252_UZ1P0,2015_2016,0.147791812599936,-0.06357779582701362,1.6182198939594874,0,0,0,0,0,0.8328537400730626,0.3,0.7,,0.41203496633152
CW15_ABS05_ZW252_UZ1P0,2018Q4,0.09533271870402582,-0.04569042248481847,3.704550780779263,50,3,2,2,2,0.49508612121232815,0.8999945323820354,0.9000000000000001,0.09999999999999999,0.3946877551265817
CW15_ABS05_ZW252_UZ1P0,COVID_2020,0.10112286366197765,-0.15383533620823908,1.054343965817744,58,3,2,2,2,0.5411237107159279,1.0,,,0.458876289284072
CW15_ABS05_ZW252_UZ1P0,2022_RATE_WAR,0.057994523068183756,-0.16905122540885398,0.283471362340152,225,1,1,0,1,0.4893162920482251,0.7204343140383593,0.8034482758620689,0.1,0.39265234628180323
CW15_ABS05_ZW252_UZ1P0,2025_PULLBACK,0.5461583132773342,-0.08797658983502699,2.4563418558705097,36,4,4,2,1,,0.4509526172011456,0.9,0.1,0.5490473827988542
CW15_ABS05_ZW252_UZ1P5,2008_GFC,0.5814522559396489,-0.14072698266411143,1.74272549506067,116,1,1,1,1,0.5549999163076692,0.33059768223251174,0.7387832699619772,0.09999999999999999,0.4438571281912741
CW15_ABS05_ZW252_UZ1P5,2011_EURO_DEBT,0.019120574802459656,-0.12478603999535476,0.16368717381065512,0,0,0,0,0,1.0,0.30000000000000004,0.7,,
CW15_ABS05_ZW252_UZ1P5,2015_2016,0.147791812599936,-0.06357779582701362,1.6182198939594874,0,0,0,0,0,0.8328537400730626,0.3,0.7,,0.41203496633152
CW15_ABS05_ZW252_UZ1P5,2018Q4,0.09533271870402582,-0.04569042248481847,3.704550780779263,50,3,2,2,2,0.49508612121232815,0.8999945323820354,0.9000000000000001,0.09999999999999999,0.3946877551265817
CW15_ABS05_ZW252_UZ1P5,COVID_2020,0.1901155299673074,-0.15383533620823908,2.019851298250896,44,3,2,2,1,0.5312940383184089,1.0,,,0.46870596168159107
CW15_ABS05_ZW252_UZ1P5,2022_RATE_WAR,0.057994523068183756,-0.16905122540885398,0.283471362340152,119,1,1,1,1,0.4893162920482251,0.7204343140383593,0.8034482758620689,0.1,0.39265234628180323
CW15_ABS05_ZW252_UZ1P5,2025_PULLBACK,0.593964801173676,-0.08797658983502676,2.6216717041705917,27,4,4,2,1,,0.4522739422119501,0.9000000000000001,0.1,0.5477260577880497
CW15_ABS05_ZW504_UZ0P5,2008_GFC,0.6520176774148769,-0.10238566543315253,1.9869897834244183,248,1,1,1,1,0.5337118878049483,0.3233867634898179,0.7302670623145401,0.09999999999999999,0.4586005076059721
CW15_ABS05_ZW504_UZ0P5,2011_EURO_DEBT,0.019120574802459656,-0.12478603999535476,0.16368717381065512,0,0,0,0,0,1.0,0.30000000000000004,0.7,,
CW15_ABS05_ZW504_UZ0P5,2015_2016,0.147791812599936,-0.06357779582701362,1.6182198939594874,0,0,0,0,0,0.8328537400730626,0.3,0.7,,0.41203496633152
CW15_ABS05_ZW504_UZ0P5,2018Q4,0.0830366529316795,-0.043022277196462455,3.277032391880694,74,2,2,2,2,0.49508612121232815,0.9511293976854244,0.9000000000000001,0.09999999999999999,0.4336957161182547
CW15_ABS05_ZW504_UZ0P5,COVID_2020,0.07259946882452217,-0.15383533620823908,0.775305909573668,71,3,2,2,2,0.555479772380822,1.0,,,0.44452022761917787
CW15_ABS05_ZW504_UZ0P5,2022_RATE_WAR,0.022923587499497078,-0.19659593409983278,0.10603800089006718,258,2,1,2,2,0.5021589504712435,0.6944282037163463,0.8034482758620689,0.1,0.3817168728779299
CW15_ABS05_ZW504_UZ0P5,2025_PULLBACK,0.593964801173676,-0.08797658983502676,2.6216717041705917,27,4,4,2,1,,0.4522739422119501,0.9000000000000001,0.1,0.5477260577880497
CW15_ABS05_ZW504_UZ1P0,2008_GFC,0.6520176774148769,-0.10238566543315253,1.9869897834244183,248,1,1,1,1,0.5337118878049483,0.3233867634898179,0.7302670623145401,0.09999999999999999,0.4586005076059721
CW15_ABS05_ZW504_UZ1P0,2011_EURO_DEBT,0.019120574802459656,-0.12478603999535476,0.16368717381065512,0,0,0,0,0,1.0,0.30000000000000004,0.7,,
CW15_ABS05_ZW504_UZ1P0,2015_2016,0.147791812599936,-0.06357779582701362,1.6182198939594874,0,0,0,0,0,0.8328537400730626,0.3,0.7,,0.41203496633152
CW15_ABS05_ZW504_UZ1P0,2018Q4,0.0830366529316795,-0.043022277196462455,3.277032391880694,74,2,2,1,2,0.49508612121232815,0.9511293976854244,0.9000000000000001,0.09999999999999999,0.4336957161182547
CW15_ABS05_ZW504_UZ1P0,COVID_2020,0.0582116289037935,-0.15383533620823908,0.5863901755260285,64,3,2,2,2,0.5466885689225445,1.0,,,0.4533114310774554
CW15_ABS05_ZW504_UZ1P0,2022_RATE_WAR,-0.029662371007453392,-0.23789693975658488,-0.1374601921221731,201,3,3,2,2,0.5025074910510589,0.6936323435091968,0.76,0.10000000000000002,0.36933297537742765
CW15_ABS05_ZW504_UZ1P0,2025_PULLBACK,0.593964801173676,-0.08797658983502676,2.6216717041705917,27,4,4,2,1,,0.4522739422119501,0.9000000000000001,0.1,0.5477260577880497
CW15_ABS05_ZW504_UZ1P5,2008_GFC,0.6520176774148769,-0.10238566543315253,1.9869897834244183,248,1,1,1,1,0.5337118878049483,0.3233867634898179,0.7302670623145401,0.09999999999999999,0.4586005076059721
CW15_ABS05_ZW504_UZ1P5,2011_EURO_DEBT,0.019120574802459656,-0.12478603999535476,0.16368717381065512,0,0,0,0,0,1.0,0.30000000000000004,0.7,,
CW15_ABS05_ZW504_UZ1P5,2015_2016,0.147791812599936,-0.06357779582701362,1.6182198939594874,0,0,0,0,0,0.8328537400730626,0.3,0.7,,0.41203496633152
CW15_ABS05_ZW504_UZ1P5,2018Q4,0.09533271870402582,-0.04569042248481847,3.704550780779263,50,3,2,2,2,0.49508612121232815,0.8999945323820354,0.9000000000000001,0.09999999999999999,0.3946877551265817
CW15_ABS05_ZW504_UZ1P5,COVID_2020,0.09931859741416948,-0.15383533620823908,1.0342547263562103,57,3,2,2,2,0.5401989680165098,1.0,,,0.45980103198349015
CW15_ABS05_ZW504_UZ1P5,2022_RATE_WAR,-0.029662371007453392,-0.23789693975658488,-0.1374601921221731,83,3,3,3,2,0.5025074910510589,0.6936323435091968,0.76,0.10000000000000002,0.36933297537742765
CW15_ABS05_ZW504_UZ1P5,2025_PULLBACK,0.593964801173676,-0.08797658983502676,2.6216717041705917,27,4,4,2,1,,0.4522739422119501,0.9000000000000001,0.1,0.5477260577880497
CW15_ABS10_ZW126_UZ0P5,2008_GFC,0.4863406226659306,-0.15007092107743036,1.455960621917613,114,1,1,1,1,0.5552351818055431,0.33572144273887794,0.7344827586206896,0.1,0.44336279317595123
CW15_ABS10_ZW126_UZ0P5,2011_EURO_DEBT,0.019120574802459656,-0.12478603999535476,0.16368717381065512,0,0,0,0,0,1.0,0.30000000000000004,0.7,,
CW15_ABS10_ZW126_UZ0P5,2015_2016,0.147791812599936,-0.06357779582701362,1.6182198939594874,0,0,0,0,0,0.8328537400730626,0.3,0.7,,0.41203496633152
CW15_ABS10_ZW126_UZ0P5,2018Q4,0.0971443216794512,-0.04569042248481847,3.2972729605866995,32,2,1,1,1,0.4950861212123282,0.8429049642268531,0.9000000000000001,0.1,0.4296440955640339
CW15_ABS10_ZW126_UZ0P5,COVID_2020,0.10112286366197765,-0.15383533620823908,1.054343965817744,56,2,2,2,2,0.5411237107159279,1.0,,,0.458876289284072
CW15_ABS10_ZW126_UZ0P5,2022_RATE_WAR,0.057994523068183756,-0.16905122540885398,0.283471362340152,127,1,1,1,1,0.4893162920482251,0.7204343140383593,0.8034482758620689,0.1,0.39265234628180323
CW15_ABS10_ZW126_UZ0P5,2025_PULLBACK,0.49337599047685354,-0.08797658983502676,2.1664077785536016,10,1,1,0,0,,0.45266875203223383,0.9,0.1,0.5473312479677661
CW15_ABS10_ZW126_UZ1P0,2008_GFC,0.5401171097337978,-0.12389705845112686,1.6005117210611643,105,1,1,1,1,0.5545065097174294,0.33705543852580705,0.7357142857142857,0.1,0.44402714449248115
CW15_ABS10_ZW126_UZ1P0,2011_EURO_DEBT,0.019120574802459656,-0.12478603999535476,0.16368717381065512,0,0,0,0,0,1.0,0.30000000000000004,0.7,,
CW15_ABS10_ZW126_UZ1P0,2015_2016,0.147791812599936,-0.06357779582701362,1.6182198939594874,0,0,0,0,0,0.8328537400730626,0.3,0.7,,0.41203496633152
CW15_ABS10_ZW126_UZ1P0,2018Q4,0.0971443216794512,-0.04569042248481847,3.2972729605866995,32,2,1,1,1,0.4950861212123282,0.8429049642268531,0.9000000000000001,0.1,0.4296440955640339
CW15_ABS10_ZW126_UZ1P0,COVID_2020,0.1901155299673074,-0.15383533620823908,2.019851298250896,42,2,2,1,1,0.5312940383184089,1.0,,,0.46870596168159107
CW15_ABS10_ZW126_UZ1P0,2022_RATE_WAR,0.057994523068183756,-0.16905122540885398,0.283471362340152,118,1,1,1,1,0.4893162920482251,0.7204343140383593,0.8034482758620689,0.1,0.39265234628180323
CW15_ABS10_ZW126_UZ1P0,2025_PULLBACK,0.49337599047685354,-0.08797658983502676,2.1664077785536016,10,1,1,0,0,,0.45266875203223383,0.9,0.1,0.5473312479677661
CW15_ABS10_ZW126_UZ1P5,2008_GFC,0.5418245123967824,-0.12389705845112697,1.605201464830845,104,1,1,1,1,0.554411623834691,0.3372098361863312,0.7358565737051792,0.1,0.44411276840562475
CW15_ABS10_ZW126_UZ1P5,2011_EURO_DEBT,0.019120574802459656,-0.12478603999535476,0.16368717381065512,0,0,0,0,0,1.0,0.30000000000000004,0.7,,
CW15_ABS10_ZW126_UZ1P5,2015_2016,0.147791812599936,-0.06357779582701362,1.6182198939594874,0,0,0,0,0,0.8328537400730626,0.3,0.7,,0.41203496633152
CW15_ABS10_ZW126_UZ1P5,2018Q4,0.0971443216794512,-0.04569042248481847,3.2972729605866995,32,2,1,1,1,0.4950861212123282,0.8429049642268531,0.9000000000000001,0.1,0.4296440955640339
CW15_ABS10_ZW126_UZ1P5,COVID_2020,0.16574678774842466,-0.15383533620823908,1.4843639249045264,29,2,2,1,1,0.5190450070381222,1.0,,,0.48095499296187777
CW15_ABS10_ZW126_UZ1P5,2022_RATE_WAR,0.014785145747323147,-0.20298786529947555,0.07225907499940903,103,2,2,2,1,0.4897528311024744,0.718890138504671,0.7444444444444444,0.1,0.36547813489589204
CW15_ABS10_ZW126_UZ1P5,2025_PULLBACK,0.49337599047685354,-0.08797658983502676,2.1664077785536016,10,1,1,0,0,,0.45266875203223383,0.9,0.1,0.5473312479677661
CW15_ABS10_ZW252_UZ0P5,2008_GFC,0.5697317364940935,-0.10238566543315386,1.7240687010208935,242,1,1,1,1,0.5337118878049483,0.3279073771397484,0.7271903323262839,0.1,0.4573412349282221
CW15_ABS10_ZW252_UZ0P5,2011_EURO_DEBT,0.019120574802459656,-0.12478603999535476,0.16368717381065512,0,0,0,0,0,1.0,0.30000000000000004,0.7,,
CW15_ABS10_ZW252_UZ0P5,2015_2016,0.147791812599936,-0.06357779582701362,1.6182198939594874,0,0,0,0,0,0.8328537400730626,0.3,0.7,,0.41203496633152
CW15_ABS10_ZW252_UZ0P5,2018Q4,0.08482791908254028,-0.043022277196462455,2.9042615976490693,59,2,2,1,2,0.4950861212123282,0.8882957661381131,0.8999999999999999,0.1,0.4553708091045991
CW15_ABS10_ZW252_UZ0P5,COVID_2020,0.030182479693404485,-0.15383533620823908,0.29757960572067177,65,2,2,2,2,0.5499700780475236,1.0,,,0.4500299219524762
CW15_ABS10_ZW252_UZ0P5,2022_RATE_WAR,0.057994523068183756,-0.16905122540885398,0.283471362340152,231,1,1,0,1,0.4893162920482251,0.7204343140383593,0.8034482758620689,0.1,0.39265234628180323
CW15_ABS10_ZW252_UZ0P5,2025_PULLBACK,0.49337599047685354,-0.08797658983502676,2.1664077785536016,10,1,1,0,0,,0.45266875203223383,0.9,0.1,0.5473312479677661
CW15_ABS10_ZW252_UZ1P0,2008_GFC,0.5697317364940935,-0.10238566543315386,1.7240687010208935,242,1,1,1,1,0.5337118878049483,0.3279073771397484,0.7271903323262839,0.1,0.4573412349282221
CW15_ABS10_ZW252_UZ1P0,2011_EURO_DEBT,0.019120574802459656,-0.12478603999535476,0.16368717381065512,0,0,0,0,0,1.0,0.30000000000000004,0.7,,
CW15_ABS10_ZW252_UZ1P0,2015_2016,0.147791812599936,-0.06357779582701362,1.6182198939594874,0,0,0,0,0,0.8328537400730626,0.3,0.7,,0.41203496633152
CW15_ABS10_ZW252_UZ1P0,2018Q4,0.0971443216794512,-0.04569042248481847,3.2972729605866995,32,2,1,1,1,0.4950861212123282,0.8429049642268531,0.9000000000000001,0.1,0.4296440955640339
CW15_ABS10_ZW252_UZ1P0,COVID_2020,0.10112286366197765,-0.15383533620823908,1.054343965817744,56,2,2,2,2,0.5411237107159279,1.0,,,0.458876289284072
CW15_ABS10_ZW252_UZ1P0,2022_RATE_WAR,0.057994523068183756,-0.16905122540885398,0.283471362340152,225,1,1,0,1,0.4893162920482251,0.7204343140383593,0.8034482758620689,0.1,0.39265234628180323
CW15_ABS10_ZW252_UZ1P0,2025_PULLBACK,0.49337599047685354,-0.08797658983502676,2.1664077785536016,10,1,1,0,0,,0.45266875203223383,0.9,0.1,0.5473312479677661
CW15_ABS10_ZW252_UZ1P5,2008_GFC,0.5026811334024373,-0.14072698266411265,1.49753414363099,110,1,1,1,1,0.5549999163076692,0.33630227920617684,0.7350194552529182,0.1,0.443585064506142
CW15_ABS10_ZW252_UZ1P5,2011_EURO_DEBT,0.019120574802459656,-0.12478603999535476,0.16368717381065512,0,0,0,0,0,1.0,0.30000000000000004,0.7,,
CW15_ABS10_ZW252_UZ1P5,2015_2016,0.147791812599936,-0.06357779582701362,1.6182198939594874,0,0,0,0,0,0.8328537400730626,0.3,0.7,,0.41203496633152
CW15_ABS10_ZW252_UZ1P5,2018Q4,0.0971443216794512,-0.04569042248481847,3.2972729605866995,32,2,1,1,1,0.4950861212123282,0.8429049642268531,0.9000000000000001,0.1,0.4296440955640339
CW15_ABS10_ZW252_UZ1P5,COVID_2020,0.1901155299673074,-0.15383533620823908,2.019851298250896,42,2,2,1,1,0.5312940383184089,1.0,,,0.46870596168159107
CW15_ABS10_ZW252_UZ1P5,2022_RATE_WAR,0.057994523068183756,-0.16905122540885398,0.283471362340152,119,1,1,1,1,0.4893162920482251,0.7204343140383593,0.8034482758620689,0.1,0.39265234628180323
CW15_ABS10_ZW252_UZ1P5,2025_PULLBACK,0.49337599047685354,-0.08797658983502676,2.1664077785536016,10,1,1,0,0,,0.45266875203223383,0.9,0.1,0.5473312479677661
CW15_ABS10_ZW504_UZ0P5,2008_GFC,0.5697317364940935,-0.10238566543315386,1.7240687010208935,242,1,1,1,1,0.5337118878049483,0.3279073771397484,0.7271903323262839,0.1,0.4573412349282221
CW15_ABS10_ZW504_UZ0P5,2011_EURO_DEBT,0.019120574802459656,-0.12478603999535476,0.16368717381065512,0,0,0,0,0,1.0,0.30000000000000004,0.7,,
CW15_ABS10_ZW504_UZ0P5,2015_2016,0.147791812599936,-0.06357779582701362,1.6182198939594874,0,0,0,0,0,0.8328537400730626,0.3,0.7,,0.41203496633152
CW15_ABS10_ZW504_UZ0P5,2018Q4,0.0971443216794512,-0.04569042248481847,3.2972729605866995,32,2,1,2,2,0.4950861212123282,0.8429049642268531,0.9000000000000001,0.1,0.4296440955640339
CW15_ABS10_ZW504_UZ0P5,COVID_2020,0.07259946882452217,-0.15383533620823908,0.775305909573668,69,2,2,1,2,0.555479772380822,1.0,,,0.44452022761917787
CW15_ABS10_ZW504_UZ0P5,2022_RATE_WAR,0.03673261099151426,-0.18575032866539742,0.1665394453721576,252,2,1,2,2,0.5047562786336742,0.6871526847572116,0.8034482758620689,0.1,0.3816373370191343
CW15_ABS10_ZW504_UZ0P5,2025_PULLBACK,0.49337599047685354,-0.08797658983502676,2.1664077785536016,10,1,1,0,0,,0.45266875203223383,0.9,0.1,0.5473312479677661
CW15_ABS10_ZW504_UZ1P0,2008_GFC,0.5697317364940935,-0.10238566543315386,1.7240687010208935,242,1,1,1,1,0.5337118878049483,0.3279073771397484,0.7271903323262839,0.1,0.4573412349282221
CW15_ABS10_ZW504_UZ1P0,2011_EURO_DEBT,0.019120574802459656,-0.12478603999535476,0.16368717381065512,0,0,0,0,0,1.0,0.30000000000000004,0.7,,
CW15_ABS10_ZW504_UZ1P0,2015_2016,0.147791812599936,-0.06357779582701362,1.6182198939594874,0,0,0,0,0,0.8328537400730626,0.3,0.7,,0.41203496633152
CW15_ABS10_ZW504_UZ1P0,2018Q4,0.0971443216794512,-0.04569042248481847,3.2972729605866995,32,2,1,1,2,0.4950861212123282,0.8429049642268531,0.9000000000000001,0.1,0.4296440955640339
CW15_ABS10_ZW504_UZ1P0,COVID_2020,0.0582116289037935,-0.15383533620823908,0.5863901755260285,62,2,2,2,2,0.5466885689225445,1.0,,,0.4533114310774554
CW15_ABS10_ZW504_UZ1P0,2022_RATE_WAR,-0.005608412135206131,-0.21900496327357288,-0.02544799502251154,193,3,3,2,2,0.5050875182111231,0.686701986425053,0.7444444444444444,0.1,0.36819365393364867
CW15_ABS10_ZW504_UZ1P0,2025_PULLBACK,0.49337599047685354,-0.08797658983502676,2.1664077785536016,10,1,1,0,0,,0.45266875203223383,0.9,0.1,0.5473312479677661
CW15_ABS10_ZW504_UZ1P5,2008_GFC,0.5697317364940935,-0.10238566543315386,1.7240687010208935,242,1,1,1,1,0.5337118878049483,0.3279073771397484,0.7271903323262839,0.1,0.4573412349282221
CW15_ABS10_ZW504_UZ1P5,2011_EURO_DEBT,0.019120574802459656,-0.12478603999535476,0.16368717381065512,0,0,0,0,0,1.0,0.30000000000000004,0.7,,
CW15_ABS10_ZW504_UZ1P5,2015_2016,0.147791812599936,-0.06357779582701362,1.6182198939594874,0,0,0,0,0,0.8328537400730626,0.3,0.7,,0.41203496633152
CW15_ABS10_ZW504_UZ1P5,2018Q4,0.0971443216794512,-0.04569042248481847,3.2972729605866995,32,2,1,1,1,0.4950861212123282,0.8429049642268531,0.9000000000000001,0.1,0.4296440955640339
CW15_ABS10_ZW504_UZ1P5,COVID_2020,0.09931859741416948,-0.15383533620823908,1.0342547263562103,55,2,2,2,2,0.5401989680165098,1.0,,,0.45980103198349015
CW15_ABS10_ZW504_UZ1P5,2022_RATE_WAR,-0.005608412135206131,-0.21900496327357288,-0.02544799502251154,75,3,3,3,2,0.5050875182111231,0.686701986425053,0.7444444444444444,0.1,0.36819365393364867
CW15_ABS10_ZW504_UZ1P5,2025_PULLBACK,0.49337599047685354,-0.08797658983502676,2.1664077785536016,10,1,1,0,0,,0.45266875203223383,0.9,0.1,0.5473312479677661
CW15_ABS15_ZW126_UZ0P5,2008_GFC,0.5066658646000843,-0.1500709210774308,1.5025376011065372,110,1,1,1,1,0.5552351818055431,0.339324036682404,0.7319066147859922,0.09999999999999999,0.44319216379923965
CW15_ABS15_ZW126_UZ0P5,2011_EURO_DEBT,0.019120574802459656,-0.12478603999535476,0.16368717381065512,0,0,0,0,0,1.0,0.30000000000000004,0.7,,
CW15_ABS15_ZW126_UZ0P5,2015_2016,0.147791812599936,-0.06357779582701362,1.6182198939594874,0,0,0,0,0,0.8328537400730626,0.3,0.7,,0.41203496633152
CW15_ABS15_ZW126_UZ0P5,2018Q4,0.07136202987341322,-0.049027351474675074,2.166787798430286,27,1,1,0,1,0.4950861212123282,0.8213487160809521,0.9,0.1,0.4369329804486762
CW15_ABS15_ZW126_UZ0P5,COVID_2020,0.10112286366197765,-0.15383533620823908,1.054343965817744,53,2,2,2,2,0.5411237107159279,1.0,,,0.458876289284072
CW15_ABS15_ZW126_UZ0P5,2022_RATE_WAR,0.04742768873097014,-0.16905122540885398,0.2296067326922797,120,1,1,1,1,0.49183637814768866,0.7133180965775175,0.8034482758620689,0.1,0.3986452364324591
CW15_ABS15_ZW126_UZ0P5,2025_PULLBACK,0.49337599047685354,-0.08797658983502676,2.1664077785536016,0,0,0,0,0,,0.45266875203223383,0.9,0.1,0.5473312479677661
CW15_ABS15_ZW126_UZ1P0,2008_GFC,0.5611777282655885,-0.12389705845112697,1.6473009797838896,101,1,1,1,1,0.5545065097174294,0.3407685931319616,0.7330645161290323,0.09999999999999999,0.44385070298687995
CW15_ABS15_ZW126_UZ1P0,2011_EURO_DEBT,0.019120574802459656,-0.12478603999535476,0.16368717381065512,0,0,0,0,0,1.0,0.30000000000000004,0.7,,
CW15_ABS15_ZW126_UZ1P0,2015_2016,0.147791812599936,-0.06357779582701362,1.6182198939594874,0,0,0,0,0,0.8328537400730626,0.3,0.7,,0.41203496633152
CW15_ABS15_ZW126_UZ1P0,2018Q4,0.07136202987341322,-0.049027351474675074,2.166787798430286,27,1,1,0,1,0.4950861212123282,0.8213487160809521,0.9,0.1,0.4369329804486762
CW15_ABS15_ZW126_UZ1P0,COVID_2020,0.1901155299673074,-0.15383533620823908,2.019851298250896,39,2,2,1,1,0.5312940383184089,1.0,,,0.46870596168159107
CW15_ABS15_ZW126_UZ1P0,2022_RATE_WAR,0.04742768873097014,-0.16905122540885398,0.2296067326922797,111,1,1,1,1,0.49183637814768866,0.7133180965775175,0.8034482758620689,0.1,0.3986452364324591
CW15_ABS15_ZW126_UZ1P0,2025_PULLBACK,0.49337599047685354,-0.08797658983502676,2.1664077785536016,0,0,0,0,0,,0.45266875203223383,0.9,0.1,0.5473312479677661
CW15_ABS15_ZW126_UZ1P5,2008_GFC,0.5629084791245873,-0.12389705845112786,1.6519999609232618,100,1,1,1,1,0.554411623834691,0.3409356775300435,0.7331983805668016,0.09999999999999999,0.44393547095081226
CW15_ABS15_ZW126_UZ1P5,2011_EURO_DEBT,0.019120574802459656,-0.12478603999535476,0.16368717381065512,0,0,0,0,0,1.0,0.30000000000000004,0.7,,
CW15_ABS15_ZW126_UZ1P5,2015_2016,0.147791812599936,-0.06357779582701362,1.6182198939594874,0,0,0,0,0,0.8328537400730626,0.3,0.7,,0.41203496633152
CW15_ABS15_ZW126_UZ1P5,2018Q4,0.07136202987341322,-0.049027351474675074,2.166787798430286,27,1,1,0,1,0.4950861212123282,0.8213487160809521,0.9,0.1,0.4369329804486762
CW15_ABS15_ZW126_UZ1P5,COVID_2020,0.16574678774842466,-0.15383533620823908,1.4843639249045264,26,2,2,1,1,0.5190450070381222,1.0,,,0.48095499296187777
CW15_ABS15_ZW126_UZ1P5,2022_RATE_WAR,-0.025786403567434335,-0.22713366960304093,-0.12544888610658378,90,2,2,2,1,0.4929856016139907,0.7098878608400416,0.7,,0.3695342987578915
CW15_ABS15_ZW126_UZ1P5,2025_PULLBACK,0.49337599047685354,-0.08797658983502676,2.1664077785536016,0,0,0,0,0,,0.45266875203223383,0.9,0.1,0.5473312479677661
CW15_ABS15_ZW252_UZ0P5,2008_GFC,0.5911973257603962,-0.10238566543315286,1.7716450211365455,238,1,1,1,1,0.5337118878049483,0.33082810283126735,0.7250764525993884,0.09999999999999999,0.45657536148678346
CW15_ABS15_ZW252_UZ0P5,2011_EURO_DEBT,0.019120574802459656,-0.12478603999535476,0.16368717381065512,0,0,0,0,0,1.0,0.30000000000000004,0.7,,
CW15_ABS15_ZW252_UZ0P5,2015_2016,0.147791812599936,-0.06357779582701362,1.6182198939594874,0,0,0,0,0,0.8328537400730626,0.3,0.7,,0.41203496633152
CW15_ABS15_ZW252_UZ0P5,2018Q4,0.07136202987341322,-0.049027351474675074,2.166787798430286,27,1,1,0,1,0.4950861212123282,0.8213487160809521,0.9,0.1,0.4369329804486762
CW15_ABS15_ZW252_UZ0P5,COVID_2020,0.030182479693404485,-0.15383533620823908,0.29757960572067177,62,2,2,2,2,0.5499700780475236,1.0,,,0.4500299219524762
CW15_ABS15_ZW252_UZ0P5,2022_RATE_WAR,0.04742768873097014,-0.16905122540885398,0.2296067326922797,224,1,1,0,1,0.49183637814768866,0.7133180965775175,0.8034482758620689,0.1,0.3986452364324591
CW15_ABS15_ZW252_UZ0P5,2025_PULLBACK,0.49337599047685354,-0.08797658983502676,2.1664077785536016,0,0,0,0,0,,0.45266875203223383,0.9,0.1,0.5473312479677661
CW15_ABS15_ZW252_UZ1P0,2008_GFC,0.5911973257603962,-0.10238566543315286,1.7716450211365455,238,1,1,1,1,0.5337118878049483,0.33082810283126735,0.7250764525993884,0.09999999999999999,0.45657536148678346
CW15_ABS15_ZW252_UZ1P0,2011_EURO_DEBT,0.019120574802459656,-0.12478603999535476,0.16368717381065512,0,0,0,0,0,1.0,0.30000000000000004,0.7,,
CW15_ABS15_ZW252_UZ1P0,2015_2016,0.147791812599936,-0.06357779582701362,1.6182198939594874,0,0,0,0,0,0.8328537400730626,0.3,0.7,,0.41203496633152
CW15_ABS15_ZW252_UZ1P0,2018Q4,0.07136202987341322,-0.049027351474675074,2.166787798430286,27,1,1,0,1,0.4950861212123282,0.8213487160809521,0.9,0.1,0.4369329804486762
CW15_ABS15_ZW252_UZ1P0,COVID_2020,0.10112286366197765,-0.15383533620823908,1.054343965817744,53,2,2,2,2,0.5411237107159279,1.0,,,0.458876289284072
CW15_ABS15_ZW252_UZ1P0,2022_RATE_WAR,0.04742768873097014,-0.16905122540885398,0.2296067326922797,218,1,1,0,1,0.49183637814768866,0.7133180965775175,0.8034482758620689,0.1,0.3986452364324591
CW15_ABS15_ZW252_UZ1P0,2025_PULLBACK,0.49337599047685354,-0.08797658983502676,2.1664077785536016,0,0,0,0,0,,0.45266875203223383,0.9,0.1,0.5473312479677661
CW15_ABS15_ZW252_UZ1P5,2008_GFC,0.5232298266969206,-0.14072698266411177,1.5441264455571622,106,1,1,1,1,0.5549999163076692,0.3399532212693224,0.7324110671936759,0.09999999999999999,0.44341333636446284
CW15_ABS15_ZW252_UZ1P5,2011_EURO_DEBT,0.019120574802459656,-0.12478603999535476,0.16368717381065512,0,0,0,0,0,1.0,0.30000000000000004,0.7,,
CW15_ABS15_ZW252_UZ1P5,2015_2016,0.147791812599936,-0.06357779582701362,1.6182198939594874,0,0,0,0,0,0.8328537400730626,0.3,0.7,,0.41203496633152
CW15_ABS15_ZW252_UZ1P5,2018Q4,0.07136202987341322,-0.049027351474675074,2.166787798430286,27,1,1,0,1,0.4950861212123282,0.8213487160809521,0.9,0.1,0.4369329804486762
CW15_ABS15_ZW252_UZ1P5,COVID_2020,0.1901155299673074,-0.15383533620823908,2.019851298250896,39,2,2,1,1,0.5312940383184089,1.0,,,0.46870596168159107
CW15_ABS15_ZW252_UZ1P5,2022_RATE_WAR,0.04742768873097014,-0.16905122540885398,0.2296067326922797,112,1,1,1,1,0.49183637814768866,0.7133180965775175,0.8034482758620689,0.1,0.3986452364324591
CW15_ABS15_ZW252_UZ1P5,2025_PULLBACK,0.49337599047685354,-0.08797658983502676,2.1664077785536016,0,0,0,0,0,,0.45266875203223383,0.9,0.1,0.5473312479677661
CW15_ABS15_ZW504_UZ0P5,2008_GFC,0.5911973257603962,-0.10238566543315286,1.7716450211365455,238,1,1,1,1,0.5337118878049483,0.33082810283126735,0.7250764525993884,0.09999999999999999,0.45657536148678346
CW15_ABS15_ZW504_UZ0P5,2011_EURO_DEBT,0.019120574802459656,-0.12478603999535476,0.16368717381065512,0,0,0,0,0,1.0,0.30000000000000004,0.7,,
CW15_ABS15_ZW504_UZ0P5,2015_2016,0.147791812599936,-0.06357779582701362,1.6182198939594874,0,0,0,0,0,0.8328537400730626,0.3,0.7,,0.41203496633152
CW15_ABS15_ZW504_UZ0P5,2018Q4,0.07136202987341322,-0.049027351474675074,2.166787798430286,27,1,1,0,1,0.4950861212123282,0.8213487160809521,0.9,0.1,0.4369329804486762
CW15_ABS15_ZW504_UZ0P5,COVID_2020,0.07259946882452217,-0.15383533620823908,0.775305909573668,66,2,2,1,2,0.555479772380822,1.0,,,0.44452022761917787
CW15_ABS15_ZW504_UZ0P5,2022_RATE_WAR,-0.001987601488200208,-0.2082535257637691,-0.008848276027955902,213,2,1,2,2,0.5122929541156281,0.6573572677411194,0.7,,0.37341724405118093
CW15_ABS15_ZW504_UZ0P5,2025_PULLBACK,0.49337599047685354,-0.08797658983502676,2.1664077785536016,0,0,0,0,0,,0.45266875203223383,0.9,0.1,0.5473312479677661
CW15_ABS15_ZW504_UZ1P0,2008_GFC,0.5911973257603962,-0.10238566543315286,1.7716450211365455,238,1,1,1,1,0.5337118878049483,0.33082810283126735,0.7250764525993884,0.09999999999999999,0.45657536148678346
CW15_ABS15_ZW504_UZ1P0,2011_EURO_DEBT,0.019120574802459656,-0.12478603999535476,0.16368717381065512,0,0,0,0,0,1.0,0.30000000000000004,0.7,,
CW15_ABS15_ZW504_UZ1P0,2015_2016,0.147791812599936,-0.06357779582701362,1.6182198939594874,0,0,0,0,0,0.8328537400730626,0.3,0.7,,0.41203496633152
CW15_ABS15_ZW504_UZ1P0,2018Q4,0.07136202987341322,-0.049027351474675074,2.166787798430286,27,1,1,0,1,0.4950861212123282,0.8213487160809521,0.9,0.1,0.4369329804486762
CW15_ABS15_ZW504_UZ1P0,COVID_2020,0.0582116289037935,-0.15383533620823908,0.5863901755260285,59,2,2,2,2,0.5466885689225445,1.0,,,0.4533114310774554
CW15_ABS15_ZW504_UZ1P0,2022_RATE_WAR,-0.001987601488200208,-0.2082535257637691,-0.008848276027955902,167,2,2,1,2,0.5122929541156281,0.6573572677411194,0.7,,0.37341724405118093
CW15_ABS15_ZW504_UZ1P0,2025_PULLBACK,0.49337599047685354,-0.08797658983502676,2.1664077785536016,0,0,0,0,0,,0.45266875203223383,0.9,0.1,0.5473312479677661
CW15_ABS15_ZW504_UZ1P5,2008_GFC,0.5911973257603962,-0.10238566543315286,1.7716450211365455,238,1,1,1,1,0.5337118878049483,0.33082810283126735,0.7250764525993884,0.09999999999999999,0.45657536148678346
CW15_ABS15_ZW504_UZ1P5,2011_EURO_DEBT,0.019120574802459656,-0.12478603999535476,0.16368717381065512,0,0,0,0,0,1.0,0.30000000000000004,0.7,,
CW15_ABS15_ZW504_UZ1P5,2015_2016,0.147791812599936,-0.06357779582701362,1.6182198939594874,0,0,0,0,0,0.8328537400730626,0.3,0.7,,0.41203496633152
CW15_ABS15_ZW504_UZ1P5,2018Q4,0.07136202987341322,-0.049027351474675074,2.166787798430286,27,1,1,0,1,0.4950861212123282,0.8213487160809521,0.9,0.1,0.4369329804486762
CW15_ABS15_ZW504_UZ1P5,COVID_2020,0.09931859741416948,-0.15383533620823908,1.0342547263562103,52,2,2,2,2,0.5401989680165098,1.0,,,0.45980103198349015
CW15_ABS15_ZW504_UZ1P5,2022_RATE_WAR,-0.001987601488200208,-0.2082535257637691,-0.008848276027955902,49,2,2,2,2,0.5122929541156281,0.6573572677411194,0.7,,0.37341724405118093
CW15_ABS15_ZW504_UZ1P5,2025_PULLBACK,0.49337599047685354,-0.08797658983502676,2.1664077785536016,0,0,0,0,0,,0.45266875203223383,0.9,0.1,0.5473312479677661
CW20_ABS05_ZW126_UZ0P5,2008_GFC,0.5642551693501958,-0.15007092107743147,1.699634236165773,120,1,1,1,1,0.5552351818055431,0.33009608088443776,0.7382022471910112,0.09999999999999999,0.4436334466700454
CW20_ABS05_ZW126_UZ0P5,2011_EURO_DEBT,0.019120574802459656,-0.12478603999535476,0.16368717381065512,0,0,0,0,0,1.0,0.30000000000000004,0.7,,
CW20_ABS05_ZW126_UZ0P5,2015_2016,0.147791812599936,-0.06357779582701362,1.6182198939594874,0,0,0,0,0,0.8328537400730626,0.3,0.7,,0.41203496633152
CW20_ABS05_ZW126_UZ0P5,2018Q4,0.08475429840824344,-0.04569042248481847,3.2324458917202676,51,3,2,2,2,0.4950861212123282,0.9020354602926062,0.9000000000000001,0.09999999999999999,0.3873393468825091
CW20_ABS05_ZW126_UZ0P5,COVID_2020,0.10112286366197765,-0.15383533620823908,1.054343965817744,58,2,2,2,2,0.5411237107159279,1.0,,,0.458876289284072
CW20_ABS05_ZW126_UZ0P5,2022_RATE_WAR,0.057994523068183756,-0.16905122540885398,0.283471362340152,127,1,1,1,1,0.4893162920482251,0.7204343140383593,0.8034482758620689,0.1,0.39265234628180323
CW20_ABS05_ZW126_UZ0P5,2025_PULLBACK,0.48797762805442946,-0.08797658983502676,2.239738337777498,66,4,4,2,2,,0.44890882476554095,0.9,0.09999999999999999,0.5510911752344588
CW20_ABS05_ZW126_UZ1P0,2008_GFC,0.6208506405380383,-0.12389705845112753,1.8509328504946618,111,1,1,1,1,0.5545065097174294,0.3312486967480971,0.7395348837209302,0.09999999999999999,0.44430626916937493
CW20_ABS05_ZW126_UZ1P0,2011_EURO_DEBT,0.019120574802459656,-0.12478603999535476,0.16368717381065512,0,0,0,0,0,1.0,0.30000000000000004,0.7,,
CW20_ABS05_ZW126_UZ1P0,2015_2016,0.147791812599936,-0.06357779582701362,1.6182198939594874,0,0,0,0,0,0.8328537400730626,0.3,0.7,,0.41203496633152
CW20_ABS05_ZW126_UZ1P0,2018Q4,0.08475429840824344,-0.04569042248481847,3.2324458917202676,51,3,2,2,2,0.4950861212123282,0.9020354602926062,0.9000000000000001,0.09999999999999999,0.3873393468825091
CW20_ABS05_ZW126_UZ1P0,COVID_2020,0.1901155299673074,-0.15383533620823908,2.019851298250896,44,2,2,2,1,0.5312940383184089,1.0,,,0.46870596168159107
CW20_ABS05_ZW126_UZ1P0,2022_RATE_WAR,0.057994523068183756,-0.16905122540885398,0.283471362340152,118,1,1,1,1,0.4893162920482251,0.7204343140383593,0.8034482758620689,0.1,0.39265234628180323
CW20_ABS05_ZW126_UZ1P0,2025_PULLBACK,0.4989128606501818,-0.08797658983502676,2.289673861889451,62,4,4,2,2,,0.4487236538739202,0.9,0.1,0.5512763461260797
CW20_ABS05_ZW126_UZ1P5,2008_GFC,0.62264754590482,-0.12389705845112842,1.85586352634828,110,1,1,1,1,0.554411623834691,0.3313822381871915,0.7396887159533073,0.09999999999999999,0.4443931681847031
CW20_ABS05_ZW126_UZ1P5,2011_EURO_DEBT,0.019120574802459656,-0.12478603999535476,0.16368717381065512,0,0,0,0,0,1.0,0.30000000000000004,0.7,,
CW20_ABS05_ZW126_UZ1P5,2015_2016,0.147791812599936,-0.06357779582701362,1.6182198939594874,0,0,0,0,0,0.8328537400730626,0.3,0.7,,0.41203496633152
CW20_ABS05_ZW126_UZ1P5,2018Q4,0.08475429840824344,-0.04569042248481847,3.2324458917202676,51,3,2,2,1,0.4950861212123282,0.9020354602926062,0.9000000000000001,0.09999999999999999,0.3873393468825091
CW20_ABS05_ZW126_UZ1P5,COVID_2020,0.2799581288517583,-0.15383533620823908,3.0351571414428618,36,2,2,2,1,0.5244043681594674,1.0,,,0.47559563184053255
CW20_ABS05_ZW126_UZ1P5,2022_RATE_WAR,0.057994523068183756,-0.16905122540885398,0.283471362340152,116,1,1,1,1,0.4893162920482251,0.7204343140383593,0.8034482758620689,0.1,0.39265234628180323
CW20_ABS05_ZW126_UZ1P5,2025_PULLBACK,0.5198656198363829,-0.08797658983502676,2.348994490147448,48,4,4,2,1,,0.45037559952153267,0.9,0.1,0.5496244004784673
CW20_ABS05_ZW252_UZ0P5,2008_GFC,0.6520176774148769,-0.10238566543315253,1.9869897834244183,248,1,1,1,1,0.5337118878049483,0.3233867634898179,0.7302670623145401,0.09999999999999999,0.4586005076059721
CW20_ABS05_ZW252_UZ0P5,2011_EURO_DEBT,0.019120574802459656,-0.12478603999535476,0.16368717381065512,0,0,0,0,0,1.0,0.30000000000000004,0.7,,
CW20_ABS05_ZW252_UZ0P5,2015_2016,0.147791812599936,-0.06357779582701362,1.6182198939594874,0,0,0,0,0,0.8328537400730626,0.3,0.7,,0.41203496633152
CW20_ABS05_ZW252_UZ0P5,2018Q4,0.07257698463654738,-0.043022277196462455,2.811657169672097,75,2,2,1,2,0.4950861212123282,0.952321363595536,0.9000000000000001,0.09999999999999999,0.4235216928797665
CW20_ABS05_ZW252_UZ0P5,COVID_2020,0.030182479693404485,-0.15383533620823908,0.29757960572067177,67,2,2,2,2,0.5499700780475236,1.0,,,0.4500299219524762
CW20_ABS05_ZW252_UZ0P5,2022_RATE_WAR,0.057994523068183756,-0.16905122540885398,0.283471362340152,231,1,1,0,1,0.4893162920482251,0.7204343140383593,0.8034482758620689,0.1,0.39265234628180323
CW20_ABS05_ZW252_UZ0P5,2025_PULLBACK,0.4852384084588932,-0.08797658983502687,2.2270602434879327,64,4,4,2,2,,0.4488155188104247,0.9,0.1,0.5511844811895752
CW20_ABS05_ZW252_UZ1P0,2008_GFC,0.6520176774148769,-0.10238566543315253,1.9869897834244183,248,1,1,1,1,0.5337118878049483,0.3233867634898179,0.7302670623145401,0.09999999999999999,0.4586005076059721
CW20_ABS05_ZW252_UZ1P0,2011_EURO_DEBT,0.019120574802459656,-0.12478603999535476,0.16368717381065512,0,0,0,0,0,1.0,0.30000000000000004,0.7,,
CW20_ABS05_ZW252_UZ1P0,2015_2016,0.147791812599936,-0.06357779582701362,1.6182198939594874,0,0,0,0,0,0.8328537400730626,0.3,0.7,,0.41203496633152
CW20_ABS05_ZW252_UZ1P0,2018Q4,0.08475429840824344,-0.04569042248481847,3.2324458917202676,51,3,2,2,2,0.4950861212123282,0.9020354602926062,0.9000000000000001,0.09999999999999999,0.3873393468825091
CW20_ABS05_ZW252_UZ1P0,COVID_2020,0.10112286366197765,-0.15383533620823908,1.054343965817744,58,2,2,2,2,0.5411237107159279,1.0,,,0.458876289284072
CW20_ABS05_ZW252_UZ1P0,2022_RATE_WAR,0.057994523068183756,-0.16905122540885398,0.283471362340152,208,1,1,1,1,0.4893162920482251,0.7204343140383593,0.8034482758620689,0.1,0.39265234628180323
CW20_ABS05_ZW252_UZ1P0,2025_PULLBACK,0.5198656198363829,-0.08797658983502676,2.348994490147448,48,4,4,2,1,,0.45037559952153267,0.9,0.1,0.5496244004784673
CW20_ABS05_ZW252_UZ1P5,2008_GFC,0.5814522559396489,-0.14072698266411143,1.74272549506067,116,1,1,1,1,0.5549999163076692,0.33059768223251174,0.7387832699619772,0.09999999999999999,0.4438571281912741
CW20_ABS05_ZW252_UZ1P5,2011_EURO_DEBT,0.019120574802459656,-0.12478603999535476,0.16368717381065512,0,0,0,0,0,1.0,0.30000000000000004,0.7,,
CW20_ABS05_ZW252_UZ1P5,2015_2016,0.147791812599936,-0.06357779582701362,1.6182198939594874,0,0,0,0,0,0.8328537400730626,0.3,0.7,,0.41203496633152
CW20_ABS05_ZW252_UZ1P5,2018Q4,0.08475429840824344,-0.04569042248481847,3.2324458917202676,51,3,2,2,2,0.4950861212123282,0.9020354602926062,0.9000000000000001,0.09999999999999999,0.3873393468825091
CW20_ABS05_ZW252_UZ1P5,COVID_2020,0.1901155299673074,-0.15383533620823908,2.019851298250896,44,2,2,2,1,0.5312940383184089,1.0,,,0.46870596168159107
CW20_ABS05_ZW252_UZ1P5,2022_RATE_WAR,0.057994523068183756,-0.16905122540885398,0.283471362340152,119,1,1,1,1,0.4893162920482251,0.7204343140383593,0.8034482758620689,0.1,0.39265234628180323
CW20_ABS05_ZW252_UZ1P5,2025_PULLBACK,0.524046728278893,-0.08797658983502676,2.3514291132673146,44,4,4,2,1,,0.4509902679727265,0.9,0.1,0.5490097320272733
CW20_ABS05_ZW504_UZ0P5,2008_GFC,0.6520176774148769,-0.10238566543315253,1.9869897834244183,248,1,1,1,1,0.5337118878049483,0.3233867634898179,0.7302670623145401,0.09999999999999999,0.4586005076059721
CW20_ABS05_ZW504_UZ0P5,2011_EURO_DEBT,0.019120574802459656,-0.12478603999535476,0.16368717381065512,0,0,0,0,0,1.0,0.30000000000000004,0.7,,
CW20_ABS05_ZW504_UZ0P5,2015_2016,0.147791812599936,-0.06357779582701362,1.6182198939594874,0,0,0,0,0,0.8328537400730626,0.3,0.7,,0.41203496633152
CW20_ABS05_ZW504_UZ0P5,2018Q4,0.07257698463654738,-0.043022277196462455,2.811657169672097,75,2,2,2,2,0.4950861212123282,0.952321363595536,0.9000000000000001,0.09999999999999999,0.4235216928797665
CW20_ABS05_ZW504_UZ0P5,COVID_2020,0.07259946882452217,-0.15383533620823908,0.775305909573668,71,2,2,2,2,0.555479772380822,1.0,,,0.44452022761917787
CW20_ABS05_ZW504_UZ0P5,2022_RATE_WAR,0.03198011928314304,-0.1894829350969247,0.1555332070483924,279,2,1,2,2,0.49074511273944543,0.7174282313936106,0.8034482758620689,0.1,0.39288203484991513
CW20_ABS05_ZW504_UZ0P5,2025_PULLBACK,0.524046728278893,-0.08797658983502676,2.3514291132673146,44,4,4,2,1,,0.4509902679727265,0.9,0.1,0.5490097320272733
CW20_ABS05_ZW504_UZ1P0,2008_GFC,0.6520176774148769,-0.10238566543315253,1.9869897834244183,248,1,1,1,1,0.5337118878049483,0.3233867634898179,0.7302670623145401,0.09999999999999999,0.4586005076059721
CW20_ABS05_ZW504_UZ1P0,2011_EURO_DEBT,0.019120574802459656,-0.12478603999535476,0.16368717381065512,0,0,0,0,0,1.0,0.30000000000000004,0.7,,
CW20_ABS05_ZW504_UZ1P0,2015_2016,0.147791812599936,-0.06357779582701362,1.6182198939594874,0,0,0,0,0,0.8328537400730626,0.3,0.7,,0.41203496633152
CW20_ABS05_ZW504_UZ1P0,2018Q4,0.07257698463654738,-0.043022277196462455,2.811657169672097,75,2,2,1,2,0.4950861212123282,0.952321363595536,0.9000000000000001,0.09999999999999999,0.4235216928797665
CW20_ABS05_ZW504_UZ1P0,COVID_2020,0.0582116289037935,-0.15383533620823908,0.5863901755260285,64,2,2,2,2,0.5466885689225445,1.0,,,0.4533114310774554
CW20_ABS05_ZW504_UZ1P0,2022_RATE_WAR,0.03198011928314304,-0.1894829350969247,0.1555332070483924,233,2,2,1,2,0.49074511273944543,0.7174282313936106,0.8034482758620689,0.1,0.39288203484991513
CW20_ABS05_ZW504_UZ1P0,2025_PULLBACK,0.524046728278893,-0.08797658983502676,2.3514291132673146,44,4,4,2,1,,0.4509902679727265,0.9,0.1,0.5490097320272733
CW20_ABS05_ZW504_UZ1P5,2008_GFC,0.6520176774148769,-0.10238566543315253,1.9869897834244183,248,1,1,1,1,0.5337118878049483,0.3233867634898179,0.7302670623145401,0.09999999999999999,0.4586005076059721
CW20_ABS05_ZW504_UZ1P5,2011_EURO_DEBT,0.019120574802459656,-0.12478603999535476,0.16368717381065512,0,0,0,0,0,1.0,0.30000000000000004,0.7,,
CW20_ABS05_ZW504_UZ1P5,2015_2016,0.147791812599936,-0.06357779582701362,1.6182198939594874,0,0,0,0,0,0.8328537400730626,0.3,0.7,,0.41203496633152
CW20_ABS05_ZW504_UZ1P5,2018Q4,0.08475429840824344,-0.04569042248481847,3.2324458917202676,51,3,2,2,2,0.4950861212123282,0.9020354602926062,0.9000000000000001,0.09999999999999999,0.3873393468825091
CW20_ABS05_ZW504_UZ1P5,COVID_2020,0.09931859741416948,-0.15383533620823908,1.0342547263562103,57,2,2,2,2,0.5401989680165098,1.0,,,0.45980103198349015
CW20_ABS05_ZW504_UZ1P5,2022_RATE_WAR,0.03198011928314304,-0.1894829350969247,0.1555332070483924,115,2,2,2,2,0.49074511273944543,0.7174282313936106,0.8034482758620689,0.1,0.39288203484991513
CW20_ABS05_ZW504_UZ1P5,2025_PULLBACK,0.524046728278893,-0.08797658983502676,2.3514291132673146,44,4,4,2,1,,0.4509902679727265,0.9,0.1,0.5490097320272733
CW20_ABS10_ZW126_UZ0P5,2008_GFC,0.556560575436011,-0.15007092107743025,1.6781914226020107,119,1,1,1,1,0.5552351818055431,0.3310527750773698,0.737593984962406,0.1,0.4435870489282006
CW20_ABS10_ZW126_UZ0P5,2011_EURO_DEBT,0.019120574802459656,-0.12478603999535476,0.16368717381065512,0,0,0,0,0,1.0,0.30000000000000004,0.7,,
CW20_ABS10_ZW126_UZ0P5,2015_2016,0.147791812599936,-0.06357779582701362,1.6182198939594874,0,0,0,0,0,0.8328537400730626,0.3,0.7,,0.41203496633152
CW20_ABS10_ZW126_UZ0P5,2018Q4,0.10111738297589379,-0.04569042248481847,3.367305815874745,34,2,1,1,1,0.4950861212123282,0.8498869658167708,0.9000000000000001,0.1,0.42445307603136917
CW20_ABS10_ZW126_UZ0P5,COVID_2020,0.10112286366197765,-0.15383533620823908,1.054343965817744,58,2,2,2,2,0.5411237107159279,1.0,,,0.458876289284072
CW20_ABS10_ZW126_UZ0P5,2022_RATE_WAR,0.03409951624680363,-0.16905122540885364,0.16786022195103428,124,1,1,1,1,0.49041410733317653,0.7174282313936106,0.8034482758620689,0.1,0.3955631786406933
CW20_ABS10_ZW126_UZ0P5,2025_PULLBACK,0.49337599047685354,-0.08797658983502676,2.1664077785536016,10,1,1,0,0,,0.45266875203223383,0.9,0.1,0.5473312479677661
CW20_ABS10_ZW126_UZ1P0,2008_GFC,0.6128776526784714,-0.12389705845112797,1.8290581831887147,110,1,1,1,1,0.5545065097174294,0.3322369910760831,0.7389105058365758,0.1,0.4442584842382762
CW20_ABS10_ZW126_UZ1P0,2011_EURO_DEBT,0.019120574802459656,-0.12478603999535476,0.16368717381065512,0,0,0,0,0,1.0,0.30000000000000004,0.7,,
CW20_ABS10_ZW126_UZ1P0,2015_2016,0.147791812599936,-0.06357779582701362,1.6182198939594874,0,0,0,0,0,0.8328537400730626,0.3,0.7,,0.41203496633152
CW20_ABS10_ZW126_UZ1P0,2018Q4,0.10111738297589379,-0.04569042248481847,3.367305815874745,34,2,1,1,1,0.4950861212123282,0.8498869658167708,0.9000000000000001,0.1,0.42445307603136917
CW20_ABS10_ZW126_UZ1P0,COVID_2020,0.1901155299673074,-0.15383533620823908,2.019851298250896,44,2,2,1,1,0.5312940383184089,1.0,,,0.46870596168159107
CW20_ABS10_ZW126_UZ1P0,2022_RATE_WAR,0.03409951624680363,-0.16905122540885364,0.16786022195103428,115,1,1,1,1,0.49041410733317653,0.7174282313936106,0.8034482758620689,0.1,0.3955631786406933
CW20_ABS10_ZW126_UZ1P0,2025_PULLBACK,0.49337599047685354,-0.08797658983502676,2.1664077785536016,10,1,1,0,0,,0.45266875203223383,0.9,0.1,0.5473312479677661
CW20_ABS10_ZW126_UZ1P5,2008_GFC,0.6146657190416374,-0.12389705845112786,1.8339731579633158,109,1,1,1,1,0.554411623834691,0.3323741697615132,0.7390625,0.1,0.4443451718261221
CW20_ABS10_ZW126_UZ1P5,2011_EURO_DEBT,0.019120574802459656,-0.12478603999535476,0.16368717381065512,0,0,0,0,0,1.0,0.30000000000000004,0.7,,
CW20_ABS10_ZW126_UZ1P5,2015_2016,0.147791812599936,-0.06357779582701362,1.6182198939594874,0,0,0,0,0,0.8328537400730626,0.3,0.7,,0.41203496633152
CW20_ABS10_ZW126_UZ1P5,2018Q4,0.10111738297589379,-0.04569042248481847,3.367305815874745,34,2,1,1,1,0.4950861212123282,0.8498869658167708,0.9000000000000001,0.1,0.42445307603136917
CW20_ABS10_ZW126_UZ1P5,COVID_2020,0.2799581288517583,-0.15383533620823908,3.0351571414428618,36,2,2,1,1,0.5244043681594674,1.0,,,0.47559563184053255
CW20_ABS10_ZW126_UZ1P5,2022_RATE_WAR,0.03409951624680363,-0.16905122540885364,0.16786022195103428,113,1,1,1,1,0.49041410733317653,0.7174282313936106,0.8034482758620689,0.1,0.3955631786406933
CW20_ABS10_ZW126_UZ1P5,2025_PULLBACK,0.49337599047685354,-0.08797658983502676,2.1664077785536016,10,1,1,0,0,,0.45266875203223383,0.9,0.1,0.5473312479677661
CW20_ABS10_ZW252_UZ0P5,2008_GFC,0.6438913784479074,-0.10238566543315308,1.9642463765954166,247,1,1,1,1,0.5337118878049483,0.32415215839350986,0.7297619047619046,0.1,0.4583806345987459
CW20_ABS10_ZW252_UZ0P5,2011_EURO_DEBT,0.019120574802459656,-0.12478603999535476,0.16368717381065512,0,0,0,0,0,1.0,0.30000000000000004,0.7,,
CW20_ABS10_ZW252_UZ0P5,2015_2016,0.147791812599936,-0.06357779582701362,1.6182198939594874,0,0,0,0,0,0.8328537400730626,0.3,0.7,,0.41203496633152
CW20_ABS10_ZW252_UZ0P5,2018Q4,0.08875637929824753,-0.043022277196462455,2.9780101571414033,61,2,2,1,2,0.4950861212123282,0.8943338328333502,0.8999999999999999,0.1,0.450652421515735
CW20_ABS10_ZW252_UZ0P5,COVID_2020,0.030182479693404485,-0.15383533620823908,0.29757960572067177,67,2,2,2,2,0.5499700780475236,1.0,,,0.4500299219524762
CW20_ABS10_ZW252_UZ0P5,2022_RATE_WAR,0.03409951624680363,-0.16905122540885364,0.16786022195103428,228,1,1,0,1,0.49041410733317653,0.7174282313936106,0.8034482758620689,0.1,0.3955631786406933
CW20_ABS10_ZW252_UZ0P5,2025_PULLBACK,0.49337599047685354,-0.08797658983502676,2.1664077785536016,10,1,1,0,0,,0.45266875203223383,0.9,0.1,0.5473312479677661
CW20_ABS10_ZW252_UZ1P0,2008_GFC,0.6438913784479074,-0.10238566543315308,1.9642463765954166,247,1,1,1,1,0.5337118878049483,0.32415215839350986,0.7297619047619046,0.1,0.4583806345987459
CW20_ABS10_ZW252_UZ1P0,2011_EURO_DEBT,0.019120574802459656,-0.12478603999535476,0.16368717381065512,0,0,0,0,0,1.0,0.30000000000000004,0.7,,
CW20_ABS10_ZW252_UZ1P0,2015_2016,0.147791812599936,-0.06357779582701362,1.6182198939594874,0,0,0,0,0,0.8328537400730626,0.3,0.7,,0.41203496633152
CW20_ABS10_ZW252_UZ1P0,2018Q4,0.10111738297589379,-0.04569042248481847,3.367305815874745,34,2,1,1,1,0.4950861212123282,0.8498869658167708,0.9000000000000001,0.1,0.42445307603136917
CW20_ABS10_ZW252_UZ1P0,COVID_2020,0.10112286366197765,-0.15383533620823908,1.054343965817744,58,2,2,2,2,0.5411237107159279,1.0,,,0.458876289284072
CW20_ABS10_ZW252_UZ1P0,2022_RATE_WAR,0.03409951624680363,-0.16905122540885364,0.16786022195103428,205,1,1,1,1,0.49041410733317653,0.7174282313936106,0.8034482758620689,0.1,0.3955631786406933
CW20_ABS10_ZW252_UZ1P0,2025_PULLBACK,0.49337599047685354,-0.08797658983502676,2.1664077785536016,10,1,1,0,0,,0.45266875203223383,0.9,0.1,0.5473312479677661
CW20_ABS10_ZW252_UZ1P5,2008_GFC,0.5736730693065726,-0.14072698266411132,1.7211910260848784,115,1,1,1,1,0.5549999163076692,0.3315681738338407,0.7381679389312976,0.1,0.44381051765303925
CW20_ABS10_ZW252_UZ1P5,2011_EURO_DEBT,0.019120574802459656,-0.12478603999535476,0.16368717381065512,0,0,0,0,0,1.0,0.30000000000000004,0.7,,
CW20_ABS10_ZW252_UZ1P5,2015_2016,0.147791812599936,-0.06357779582701362,1.6182198939594874,0,0,0,0,0,0.8328537400730626,0.3,0.7,,0.41203496633152
CW20_ABS10_ZW252_UZ1P5,2018Q4,0.10111738297589379,-0.04569042248481847,3.367305815874745,34,2,1,1,1,0.4950861212123282,0.8498869658167708,0.9000000000000001,0.1,0.42445307603136917
CW20_ABS10_ZW252_UZ1P5,COVID_2020,0.1901155299673074,-0.15383533620823908,2.019851298250896,44,2,2,1,1,0.5312940383184089,1.0,,,0.46870596168159107
CW20_ABS10_ZW252_UZ1P5,2022_RATE_WAR,0.03409951624680363,-0.16905122540885364,0.16786022195103428,116,1,1,1,1,0.49041410733317653,0.7174282313936106,0.8034482758620689,0.1,0.3955631786406933
CW20_ABS10_ZW252_UZ1P5,2025_PULLBACK,0.49337599047685354,-0.08797658983502676,2.1664077785536016,10,1,1,0,0,,0.45266875203223383,0.9,0.1,0.5473312479677661
CW20_ABS10_ZW504_UZ0P5,2008_GFC,0.6438913784479074,-0.10238566543315308,1.9642463765954166,247,1,1,1,1,0.5337118878049483,0.32415215839350986,0.7297619047619046,0.1,0.4583806345987459
CW20_ABS10_ZW504_UZ0P5,2011_EURO_DEBT,0.019120574802459656,-0.12478603999535476,0.16368717381065512,0,0,0,0,0,1.0,0.30000000000000004,0.7,,
CW20_ABS10_ZW504_UZ0P5,2015_2016,0.147791812599936,-0.06357779582701362,1.6182198939594874,0,0,0,0,0,0.8328537400730626,0.3,0.7,,0.41203496633152
CW20_ABS10_ZW504_UZ0P5,2018Q4,0.10111738297589379,-0.04569042248481847,3.367305815874745,34,2,1,2,2,0.4950861212123282,0.8498869658167708,0.9000000000000001,0.1,0.42445307603136917
CW20_ABS10_ZW504_UZ0P5,COVID_2020,0.07259946882452217,-0.15383533620823908,0.775305909573668,71,2,2,1,2,0.555479772380822,1.0,,,0.44452022761917787
CW20_ABS10_ZW504_UZ0P5,2022_RATE_WAR,-0.004530821731633661,-0.2000925628245489,-0.020978955804473568,247,2,1,2,2,0.5064142944494282,0.6808197431531066,0.8034482758620689,0.1,0.38344503979983796
CW20_ABS10_ZW504_UZ0P5,2025_PULLBACK,0.49337599047685354,-0.08797658983502676,2.1664077785536016,10,1,1,0,0,,0.45266875203223383,0.9,0.1,0.5473312479677661
CW20_ABS10_ZW504_UZ1P0,2008_GFC,0.6438913784479074,-0.10238566543315308,1.9642463765954166,247,1,1,1,1,0.5337118878049483,0.32415215839350986,0.7297619047619046,0.1,0.4583806345987459
CW20_ABS10_ZW504_UZ1P0,2011_EURO_DEBT,0.019120574802459656,-0.12478603999535476,0.16368717381065512,0,0,0,0,0,1.0,0.30000000000000004,0.7,,
CW20_ABS10_ZW504_UZ1P0,2015_2016,0.147791812599936,-0.06357779582701362,1.6182198939594874,0,0,0,0,0,0.8328537400730626,0.3,0.7,,0.41203496633152
CW20_ABS10_ZW504_UZ1P0,2018Q4,0.10111738297589379,-0.04569042248481847,3.367305815874745,34,2,1,1,2,0.4950861212123282,0.8498869658167708,0.9000000000000001,0.1,0.42445307603136917
CW20_ABS10_ZW504_UZ1P0,COVID_2020,0.0582116289037935,-0.15383533620823908,0.5863901755260285,64,2,2,2,2,0.5466885689225445,1.0,,,0.4533114310774554
CW20_ABS10_ZW504_UZ1P0,2022_RATE_WAR,-0.004530821731633661,-0.2000925628245489,-0.020978955804473568,201,2,2,1,2,0.5064142944494282,0.6808197431531066,0.8034482758620689,0.1,0.38344503979983796
CW20_ABS10_ZW504_UZ1P0,2025_PULLBACK,0.49337599047685354,-0.08797658983502676,2.1664077785536016,10,1,1,0,0,,0.45266875203223383,0.9,0.1,0.5473312479677661
CW20_ABS10_ZW504_UZ1P5,2008_GFC,0.6438913784479074,-0.10238566543315308,1.9642463765954166,247,1,1,1,1,0.5337118878049483,0.32415215839350986,0.7297619047619046,0.1,0.4583806345987459
CW20_ABS10_ZW504_UZ1P5,2011_EURO_DEBT,0.019120574802459656,-0.12478603999535476,0.16368717381065512,0,0,0,0,0,1.0,0.30000000000000004,0.7,,
CW20_ABS10_ZW504_UZ1P5,2015_2016,0.147791812599936,-0.06357779582701362,1.6182198939594874,0,0,0,0,0,0.8328537400730626,0.3,0.7,,0.41203496633152
CW20_ABS10_ZW504_UZ1P5,2018Q4,0.10111738297589379,-0.04569042248481847,3.367305815874745,34,2,1,1,1,0.4950861212123282,0.8498869658167708,0.9000000000000001,0.1,0.42445307603136917
CW20_ABS10_ZW504_UZ1P5,COVID_2020,0.09931859741416948,-0.15383533620823908,1.0342547263562103,57,2,2,2,2,0.5401989680165098,1.0,,,0.45980103198349015
CW20_ABS10_ZW504_UZ1P5,2022_RATE_WAR,-0.004530821731633661,-0.2000925628245489,-0.020978955804473568,83,2,2,2,2,0.5064142944494282,0.6808197431531066,0.8034482758620689,0.1,0.38344503979983796
CW20_ABS10_ZW504_UZ1P5,2025_PULLBACK,0.49337599047685354,-0.08797658983502676,2.1664077785536016,10,1,1,0,0,,0.45266875203223383,0.9,0.1,0.5473312479677661
CW20_ABS15_ZW126_UZ0P5,2008_GFC,0.5229570471300733,-0.15007092107743036,1.5466776048102888,111,1,1,1,1,0.5552351818055431,0.33843406782283725,0.7325581395348837,0.1,0.44323412184269334
CW20_ABS15_ZW126_UZ0P5,2011_EURO_DEBT,0.019120574802459656,-0.12478603999535476,0.16368717381065512,0,0,0,0,0,1.0,0.30000000000000004,0.7,,
CW20_ABS15_ZW126_UZ0P5,2015_2016,0.147791812599936,-0.06357779582701362,1.6182198939594874,0,0,0,0,0,0.8328537400730626,0.3,0.7,,0.41203496633152
CW20_ABS15_ZW126_UZ0P5,2018Q4,0.06627101194942586,-0.05277176282645246,1.9935120305612513,25,1,1,0,1,0.4950861212123282,0.8112385477667826,0.9,0.1,0.4345136035048829
CW20_ABS15_ZW126_UZ0P5,COVID_2020,0.10112286366197765,-0.15383533620823908,1.054343965817744,52,2,2,2,2,0.5411237107159279,1.0,,,0.458876289284072
CW20_ABS15_ZW126_UZ0P5,2022_RATE_WAR,0.04742768873097014,-0.16905122540885398,0.2296067326922797,120,1,1,1,1,0.49183637814768866,0.7133180965775175,0.8034482758620689,0.1,0.3986452364324591
CW20_ABS15_ZW126_UZ0P5,2025_PULLBACK,0.49337599047685354,-0.08797658983502676,2.1664077785536016,0,0,0,0,0,,0.45266875203223383,0.9,0.1,0.5473312479677661
CW20_ABS15_ZW126_UZ1P0,2008_GFC,0.5780583332693223,-0.12389705845112753,1.6922802164481876,102,1,1,1,1,0.5545065097174294,0.33985171786548296,0.7337349397590361,0.1,0.4438941241386489
CW20_ABS15_ZW126_UZ1P0,2011_EURO_DEBT,0.019120574802459656,-0.12478603999535476,0.16368717381065512,0,0,0,0,0,1.0,0.30000000000000004,0.7,,
CW20_ABS15_ZW126_UZ1P0,2015_2016,0.147791812599936,-0.06357779582701362,1.6182198939594874,0,0,0,0,0,0.8328537400730626,0.3,0.7,,0.41203496633152
CW20_ABS15_ZW126_UZ1P0,2018Q4,0.06627101194942586,-0.05277176282645246,1.9935120305612513,25,1,1,0,1,0.4950861212123282,0.8112385477667826,0.9,0.1,0.4345136035048829
CW20_ABS15_ZW126_UZ1P0,COVID_2020,0.1901155299673074,-0.15383533620823908,2.019851298250896,38,2,2,1,1,0.5312940383184089,1.0,,,0.46870596168159107
CW20_ABS15_ZW126_UZ1P0,2022_RATE_WAR,0.04742768873097014,-0.16905122540885398,0.2296067326922797,111,1,1,1,1,0.49183637814768866,0.7133180965775175,0.8034482758620689,0.1,0.3986452364324591
CW20_ABS15_ZW126_UZ1P0,2025_PULLBACK,0.49337599047685354,-0.08797658983502676,2.1664077785536016,0,0,0,0,0,,0.45266875203223383,0.9,0.1,0.5473312479677661
CW20_ABS15_ZW126_UZ1P5,2008_GFC,0.57980779828308,-0.12389705845112675,1.6970096128198775,101,1,1,1,1,0.554411623834691,0.3400157167044355,0.7338709677419355,0.1,0.4439791063347687
CW20_ABS15_ZW126_UZ1P5,2011_EURO_DEBT,0.019120574802459656,-0.12478603999535476,0.16368717381065512,0,0,0,0,0,1.0,0.30000000000000004,0.7,,
CW20_ABS15_ZW126_UZ1P5,2015_2016,0.147791812599936,-0.06357779582701362,1.6182198939594874,0,0,0,0,0,0.8328537400730626,0.3,0.7,,0.41203496633152
CW20_ABS15_ZW126_UZ1P5,2018Q4,0.06627101194942586,-0.05277176282645246,1.9935120305612513,25,1,1,0,1,0.4950861212123282,0.8112385477667826,0.9,0.1,0.4345136035048829
CW20_ABS15_ZW126_UZ1P5,COVID_2020,0.2799581288517583,-0.15383533620823908,3.0351571414428618,30,2,2,1,1,0.5244043681594674,1.0,,,0.47559563184053255
CW20_ABS15_ZW126_UZ1P5,2022_RATE_WAR,0.04742768873097014,-0.16905122540885398,0.2296067326922797,109,1,1,1,1,0.49183637814768866,0.7133180965775175,0.8034482758620689,0.1,0.3986452364324591
CW20_ABS15_ZW126_UZ1P5,2025_PULLBACK,0.49337599047685354,-0.08797658983502676,2.1664077785536016,0,0,0,0,0,,0.45266875203223383,0.9,0.1,0.5473312479677661
CW20_ABS15_ZW252_UZ0P5,2008_GFC,0.6084025247924134,-0.10238566543315242,1.8182739171766142,239,1,1,1,1,0.5337118878049483,0.33010470327918834,0.7256097560975608,0.1,0.45676174661633706
CW20_ABS15_ZW252_UZ0P5,2011_EURO_DEBT,0.019120574802459656,-0.12478603999535476,0.16368717381065512,0,0,0,0,0,1.0,0.30000000000000004,0.7,,
CW20_ABS15_ZW252_UZ0P5,2015_2016,0.147791812599936,-0.06357779582701362,1.6182198939594874,0,0,0,0,0,0.8328537400730626,0.3,0.7,,0.41203496633152
CW20_ABS15_ZW252_UZ0P5,2018Q4,0.06627101194942586,-0.05277176282645246,1.9935120305612513,25,1,1,0,1,0.4950861212123282,0.8112385477667826,0.9,0.1,0.4345136035048829
CW20_ABS15_ZW252_UZ0P5,COVID_2020,0.030182479693404485,-0.15383533620823908,0.29757960572067177,61,2,2,2,2,0.5499700780475236,1.0,,,0.4500299219524762
CW20_ABS15_ZW252_UZ0P5,2022_RATE_WAR,0.04742768873097014,-0.16905122540885398,0.2296067326922797,224,1,1,0,1,0.49183637814768866,0.7133180965775175,0.8034482758620689,0.1,0.3986452364324591
CW20_ABS15_ZW252_UZ0P5,2025_PULLBACK,0.49337599047685354,-0.08797658983502676,2.1664077785536016,0,0,0,0,0,,0.45266875203223383,0.9,0.1,0.5473312479677661
CW20_ABS15_ZW252_UZ1P0,2008_GFC,0.6084025247924134,-0.10238566543315242,1.8182739171766142,239,1,1,1,1,0.5337118878049483,0.33010470327918834,0.7256097560975608,0.1,0.45676174661633706
CW20_ABS15_ZW252_UZ1P0,2011_EURO_DEBT,0.019120574802459656,-0.12478603999535476,0.16368717381065512,0,0,0,0,0,1.0,0.30000000000000004,0.7,,
CW20_ABS15_ZW252_UZ1P0,2015_2016,0.147791812599936,-0.06357779582701362,1.6182198939594874,0,0,0,0,0,0.8328537400730626,0.3,0.7,,0.41203496633152
CW20_ABS15_ZW252_UZ1P0,2018Q4,0.06627101194942586,-0.05277176282645246,1.9935120305612513,25,1,1,0,1,0.4950861212123282,0.8112385477667826,0.9,0.1,0.4345136035048829
CW20_ABS15_ZW252_UZ1P0,COVID_2020,0.10112286366197765,-0.15383533620823908,1.054343965817744,52,2,2,2,2,0.5411237107159279,1.0,,,0.458876289284072
CW20_ABS15_ZW252_UZ1P0,2022_RATE_WAR,0.04742768873097014,-0.16905122540885398,0.2296067326922797,201,1,1,1,1,0.49183637814768866,0.7133180965775175,0.8034482758620689,0.1,0.3986452364324591
CW20_ABS15_ZW252_UZ1P0,2025_PULLBACK,0.49337599047685354,-0.08797658983502676,2.1664077785536016,0,0,0,0,0,,0.45266875203223383,0.9,0.1,0.5473312479677661
CW20_ABS15_ZW252_UZ1P5,2008_GFC,0.5397001110014137,-0.1407269826641131,1.5884463833915066,107,1,1,1,1,0.5549999163076692,0.33905148256697926,0.7330708661417322,0.1,0.44345557965065135
CW20_ABS15_ZW252_UZ1P5,2011_EURO_DEBT,0.019120574802459656,-0.12478603999535476,0.16368717381065512,0,0,0,0,0,1.0,0.30000000000000004,0.7,,
CW20_ABS15_ZW252_UZ1P5,2015_2016,0.147791812599936,-0.06357779582701362,1.6182198939594874,0,0,0,0,0,0.8328537400730626,0.3,0.7,,0.41203496633152
CW20_ABS15_ZW252_UZ1P5,2018Q4,0.06627101194942586,-0.05277176282645246,1.9935120305612513,25,1,1,0,1,0.4950861212123282,0.8112385477667826,0.9,0.1,0.4345136035048829
CW20_ABS15_ZW252_UZ1P5,COVID_2020,0.1901155299673074,-0.15383533620823908,2.019851298250896,38,2,2,1,1,0.5312940383184089,1.0,,,0.46870596168159107
CW20_ABS15_ZW252_UZ1P5,2022_RATE_WAR,0.04742768873097014,-0.16905122540885398,0.2296067326922797,112,1,1,1,1,0.49183637814768866,0.7133180965775175,0.8034482758620689,0.1,0.3986452364324591
CW20_ABS15_ZW252_UZ1P5,2025_PULLBACK,0.49337599047685354,-0.08797658983502676,2.1664077785536016,0,0,0,0,0,,0.45266875203223383,0.9,0.1,0.5473312479677661
CW20_ABS15_ZW504_UZ0P5,2008_GFC,0.6084025247924134,-0.10238566543315242,1.8182739171766142,239,1,1,1,1,0.5337118878049483,0.33010470327918834,0.7256097560975608,0.1,0.45676174661633706
CW20_ABS15_ZW504_UZ0P5,2011_EURO_DEBT,0.019120574802459656,-0.12478603999535476,0.16368717381065512,0,0,0,0,0,1.0,0.30000000000000004,0.7,,
CW20_ABS15_ZW504_UZ0P5,2015_2016,0.147791812599936,-0.06357779582701362,1.6182198939594874,0,0,0,0,0,0.8328537400730626,0.3,0.7,,0.41203496633152
CW20_ABS15_ZW504_UZ0P5,2018Q4,0.06627101194942586,-0.05277176282645246,1.9935120305612513,25,1,1,0,1,0.4950861212123282,0.8112385477667826,0.9,0.1,0.4345136035048829
CW20_ABS15_ZW504_UZ0P5,COVID_2020,0.07259946882452217,-0.15383533620823908,0.775305909573668,65,2,2,1,2,0.555479772380822,1.0,,,0.44452022761917787
CW20_ABS15_ZW504_UZ0P5,2022_RATE_WAR,-0.015281713954269693,-0.2188000547335548,-0.0674918347749897,207,2,1,2,2,0.5144510037774334,0.6486827681902616,0.7,,0.373792968683118
CW20_ABS15_ZW504_UZ0P5,2025_PULLBACK,0.49337599047685354,-0.08797658983502676,2.1664077785536016,0,0,0,0,0,,0.45266875203223383,0.9,0.1,0.5473312479677661
CW20_ABS15_ZW504_UZ1P0,2008_GFC,0.6084025247924134,-0.10238566543315242,1.8182739171766142,239,1,1,1,1,0.5337118878049483,0.33010470327918834,0.7256097560975608,0.1,0.45676174661633706
CW20_ABS15_ZW504_UZ1P0,2011_EURO_DEBT,0.019120574802459656,-0.12478603999535476,0.16368717381065512,0,0,0,0,0,1.0,0.30000000000000004,0.7,,
CW20_ABS15_ZW504_UZ1P0,2015_2016,0.147791812599936,-0.06357779582701362,1.6182198939594874,0,0,0,0,0,0.8328537400730626,0.3,0.7,,0.41203496633152
CW20_ABS15_ZW504_UZ1P0,2018Q4,0.06627101194942586,-0.05277176282645246,1.9935120305612513,25,1,1,0,1,0.4950861212123282,0.8112385477667826,0.9,0.1,0.4345136035048829
CW20_ABS15_ZW504_UZ1P0,COVID_2020,0.0582116289037935,-0.15383533620823908,0.5863901755260285,58,2,2,2,2,0.5466885689225445,1.0,,,0.4533114310774554
CW20_ABS15_ZW504_UZ1P0,2022_RATE_WAR,-0.015281713954269693,-0.2188000547335548,-0.0674918347749897,161,2,2,1,2,0.5144510037774334,0.6486827681902616,0.7,,0.373792968683118
CW20_ABS15_ZW504_UZ1P0,2025_PULLBACK,0.49337599047685354,-0.08797658983502676,2.1664077785536016,0,0,0,0,0,,0.45266875203223383,0.9,0.1,0.5473312479677661
CW20_ABS15_ZW504_UZ1P5,2008_GFC,0.6084025247924134,-0.10238566543315242,1.8182739171766142,239,1,1,1,1,0.5337118878049483,0.33010470327918834,0.7256097560975608,0.1,0.45676174661633706
CW20_ABS15_ZW504_UZ1P5,2011_EURO_DEBT,0.019120574802459656,-0.12478603999535476,0.16368717381065512,0,0,0,0,0,1.0,0.30000000000000004,0.7,,
CW20_ABS15_ZW504_UZ1P5,2015_2016,0.147791812599936,-0.06357779582701362,1.6182198939594874,0,0,0,0,0,0.8328537400730626,0.3,0.7,,0.41203496633152
CW20_ABS15_ZW504_UZ1P5,2018Q4,0.06627101194942586,-0.05277176282645246,1.9935120305612513,25,1,1,0,1,0.4950861212123282,0.8112385477667826,0.9,0.1,0.4345136035048829
CW20_ABS15_ZW504_UZ1P5,COVID_2020,0.09931859741416948,-0.15383533620823908,1.0342547263562103,51,2,2,2,2,0.5401989680165098,1.0,,,0.45980103198349015
CW20_ABS15_ZW504_UZ1P5,2022_RATE_WAR,-0.015281713954269693,-0.2188000547335548,-0.0674918347749897,43,2,2,2,2,0.5144510037774334,0.6486827681902616,0.7,,0.373792968683118
CW20_ABS15_ZW504_UZ1P5,2025_PULLBACK,0.49337599047685354,-0.08797658983502676,2.1664077785536016,0,0,0,0,0,,0.45266875203223383,0.9,0.1,0.5473312479677661
CW30_ABS05_ZW126_UZ0P5,2008_GFC,0.556560575436011,-0.15007092107743025,1.6781914226020107,119,1,1,1,1,0.5552351818055431,0.3310527750773698,0.737593984962406,0.1,0.4435870489282006
CW30_ABS05_ZW126_UZ0P5,2011_EURO_DEBT,0.019120574802459656,-0.12478603999535476,0.16368717381065512,0,0,0,0,0,1.0,0.30000000000000004,0.7,,
CW30_ABS05_ZW126_UZ0P5,2015_2016,0.147791812599936,-0.06357779582701362,1.6182198939594874,0,0,0,0,0,0.8328537400730626,0.3,0.7,,0.41203496633152
CW30_ABS05_ZW126_UZ0P5,2018Q4,0.0639343218571935,-0.04569042248481847,2.5636301052580506,68,3,2,2,2,0.4950861212123282,0.9100143341398839,0.9,0.1,0.37801626968718155
CW30_ABS05_ZW126_UZ0P5,COVID_2020,0.10112286366197765,-0.15383533620823908,1.054343965817744,60,2,2,2,2,0.5411237107159279,1.0,,,0.458876289284072
CW30_ABS05_ZW126_UZ0P5,2022_RATE_WAR,0.06962866582272964,-0.16905122540885364,0.34033000652187123,126,1,1,1,1,0.48968526730997225,0.7194394183587806,0.8034482758620689,0.1,0.3936919292671211
CW30_ABS05_ZW126_UZ0P5,2025_PULLBACK,0.5042576750231027,-0.08797658983502676,2.310216187065136,62,4,4,2,2,,0.4492312002446786,0.9,0.1,0.5507687997553211
CW30_ABS05_ZW126_UZ1P0,2008_GFC,0.6128776526784714,-0.12389705845112797,1.8290581831887147,110,1,1,1,1,0.5545065097174294,0.3322369910760831,0.7389105058365758,0.1,0.4442584842382762
CW30_ABS05_ZW126_UZ1P0,2011_EURO_DEBT,0.019120574802459656,-0.12478603999535476,0.16368717381065512,0,0,0,0,0,1.0,0.30000000000000004,0.7,,
CW30_ABS05_ZW126_UZ1P0,2015_2016,0.147791812599936,-0.06357779582701362,1.6182198939594874,0,0,0,0,0,0.8328537400730626,0.3,0.7,,0.41203496633152
CW30_ABS05_ZW126_UZ1P0,2018Q4,0.0639343218571935,-0.04569042248481847,2.5636301052580506,68,3,2,2,2,0.4950861212123282,0.9100143341398839,0.9,0.1,0.37801626968718155
CW30_ABS05_ZW126_UZ1P0,COVID_2020,0.1901155299673074,-0.15383533620823908,2.019851298250896,46,2,2,1,1,0.5312940383184089,1.0,,,0.46870596168159107
CW30_ABS05_ZW126_UZ1P0,2022_RATE_WAR,0.06962866582272964,-0.16905122540885364,0.34033000652187123,118,1,1,1,1,0.48968526730997225,0.7194394183587806,0.8034482758620689,0.1,0.3936919292671211
CW30_ABS05_ZW126_UZ1P0,2025_PULLBACK,0.5153125506140954,-0.08797658983502687,2.360609345503943,58,4,4,2,2,,0.4490425076667234,0.9,0.10000000000000002,0.5509574923332765
CW30_ABS05_ZW126_UZ1P5,2008_GFC,0.6128776526784714,-0.12389705845112797,1.8290581831887147,110,1,1,1,1,0.5545065097174294,0.3322369910760831,0.7389105058365758,0.1,0.4442584842382762
CW30_ABS05_ZW126_UZ1P5,2011_EURO_DEBT,0.019120574802459656,-0.12478603999535476,0.16368717381065512,0,0,0,0,0,1.0,0.30000000000000004,0.7,,
CW30_ABS05_ZW126_UZ1P5,2015_2016,0.147791812599936,-0.06357779582701362,1.6182198939594874,0,0,0,0,0,0.8328537400730626,0.3,0.7,,0.41203496633152
CW30_ABS05_ZW126_UZ1P5,2018Q4,0.0639343218571935,-0.04569042248481847,2.5636301052580506,68,3,2,2,2,0.4950861212123282,0.9100143341398839,0.9,0.1,0.37801626968718155
CW30_ABS05_ZW126_UZ1P5,COVID_2020,0.1901155299673074,-0.15383533620823908,2.019851298250896,46,2,2,1,1,0.5312940383184089,1.0,,,0.46870596168159107
CW30_ABS05_ZW126_UZ1P5,2022_RATE_WAR,0.06962866582272964,-0.16905122540885364,0.34033000652187123,118,1,1,1,1,0.48968526730997225,0.7194394183587806,0.8034482758620689,0.1,0.3936919292671211
CW30_ABS05_ZW126_UZ1P5,2025_PULLBACK,0.5294604919529398,-0.08797658983502676,2.4056455127328125,53,4,4,2,1,,0.4492358432674718,0.9,0.1,0.550764156732528
CW30_ABS05_ZW252_UZ0P5,2008_GFC,0.6438913784479074,-0.10238566543315308,1.9642463765954166,247,1,1,1,1,0.5337118878049483,0.32415215839350986,0.7297619047619046,0.1,0.4583806345987459
CW30_ABS05_ZW252_UZ0P5,2011_EURO_DEBT,0.019120574802459656,-0.12478603999535476,0.16368717381065512,0,0,0,0,0,1.0,0.30000000000000004,0.7,,
CW30_ABS05_ZW252_UZ0P5,2015_2016,0.147791812599936,-0.06357779582701362,1.6182198939594874,0,0,0,0,0,0.8328537400730626,0.3,0.7,,0.41203496633152
CW30_ABS05_ZW252_UZ0P5,2018Q4,0.05199073049392999,-0.043022277196462455,2.129876506147924,77,2,2,1,2,0.4950861212123282,0.9618570908764289,0.8999999999999999,0.1,0.41375463057081785
CW30_ABS05_ZW252_UZ0P5,COVID_2020,0.030182479693404485,-0.15383533620823908,0.29757960572067177,69,2,2,2,2,0.5499700780475236,1.0,,,0.4500299219524762
CW30_ABS05_ZW252_UZ0P5,2022_RATE_WAR,0.06962866582272964,-0.16905122540885364,0.34033000652187123,230,1,1,0,1,0.48968526730997225,0.7194394183587806,0.8034482758620689,0.1,0.3936919292671211
CW30_ABS05_ZW252_UZ0P5,2025_PULLBACK,0.5014884854718147,-0.08797658983502676,2.297418293652147,60,4,4,2,2,,0.44913612541292897,0.9,0.1,0.5508638745870709
CW30_ABS05_ZW252_UZ1P0,2008_GFC,0.6438913784479074,-0.10238566543315308,1.9642463765954166,247,1,1,1,1,0.5337118878049483,0.32415215839350986,0.7297619047619046,0.1,0.4583806345987459
CW30_ABS05_ZW252_UZ1P0,2011_EURO_DEBT,0.019120574802459656,-0.12478603999535476,0.16368717381065512,0,0,0,0,0,1.0,0.30000000000000004,0.7,,
CW30_ABS05_ZW252_UZ1P0,2015_2016,0.147791812599936,-0.06357779582701362,1.6182198939594874,0,0,0,0,0,0.8328537400730626,0.3,0.7,,0.41203496633152
CW30_ABS05_ZW252_UZ1P0,2018Q4,0.0639343218571935,-0.04569042248481847,2.5636301052580506,68,3,2,2,2,0.4950861212123282,0.9100143341398839,0.9,0.1,0.37801626968718155
CW30_ABS05_ZW252_UZ1P0,COVID_2020,0.10112286366197765,-0.15383533620823908,1.054343965817744,60,2,2,2,2,0.5411237107159279,1.0,,,0.458876289284072
CW30_ABS05_ZW252_UZ1P0,2022_RATE_WAR,0.06962866582272964,-0.16905122540885364,0.34033000652187123,207,1,1,1,1,0.48968526730997225,0.7194394183587806,0.8034482758620689,0.1,0.3936919292671211
CW30_ABS05_ZW252_UZ1P0,2025_PULLBACK,0.5153125506140954,-0.08797658983502687,2.360609345503943,58,4,4,2,2,,0.4490425076667234,0.9,0.10000000000000002,0.5509574923332765
CW30_ABS05_ZW252_UZ1P5,2008_GFC,0.5736730693065726,-0.14072698266411132,1.7211910260848784,115,1,1,1,1,0.5549999163076692,0.3315681738338407,0.7381679389312976,0.1,0.44381051765303925
CW30_ABS05_ZW252_UZ1P5,2011_EURO_DEBT,0.019120574802459656,-0.12478603999535476,0.16368717381065512,0,0,0,0,0,1.0,0.30000000000000004,0.7,,
CW30_ABS05_ZW252_UZ1P5,2015_2016,0.147791812599936,-0.06357779582701362,1.6182198939594874,0,0,0,0,0,0.8328537400730626,0.3,0.7,,0.41203496633152
CW30_ABS05_ZW252_UZ1P5,2018Q4,0.0639343218571935,-0.04569042248481847,2.5636301052580506,68,3,2,2,2,0.4950861212123282,0.9100143341398839,0.9,0.1,0.37801626968718155
CW30_ABS05_ZW252_UZ1P5,COVID_2020,0.1901155299673074,-0.15383533620823908,2.019851298250896,46,2,2,1,1,0.5312940383184089,1.0,,,0.46870596168159107
CW30_ABS05_ZW252_UZ1P5,2022_RATE_WAR,0.06962866582272964,-0.16905122540885364,0.34033000652187123,118,1,1,1,1,0.48968526730997225,0.7194394183587806,0.8034482758620689,0.1,0.3936919292671211
CW30_ABS05_ZW252_UZ1P5,2025_PULLBACK,0.5209209421796146,-0.08797658983502699,2.358814480698012,50,4,4,2,1,,0.4497232657191361,0.9,0.1,0.5502767342808637
CW30_ABS05_ZW504_UZ0P5,2008_GFC,0.6438913784479074,-0.10238566543315308,1.9642463765954166,247,1,1,1,1,0.5337118878049483,0.32415215839350986,0.7297619047619046,0.1,0.4583806345987459
CW30_ABS05_ZW504_UZ0P5,2011_EURO_DEBT,0.019120574802459656,-0.12478603999535476,0.16368717381065512,0,0,0,0,0,1.0,0.30000000000000004,0.7,,
CW30_ABS05_ZW504_UZ0P5,2015_2016,0.147791812599936,-0.06357779582701362,1.6182198939594874,0,0,0,0,0,0.8328537400730626,0.3,0.7,,0.41203496633152
CW30_ABS05_ZW504_UZ0P5,2018Q4,0.05199073049392999,-0.043022277196462455,2.129876506147924,77,2,2,2,2,0.4950861212123282,0.9618570908764289,0.8999999999999999,0.1,0.41375463057081785
CW30_ABS05_ZW504_UZ0P5,COVID_2020,0.07259946882452217,-0.15383533620823908,0.775305909573668,73,2,2,1,2,0.555479772380822,1.0,,,0.44452022761917787
CW30_ABS05_ZW504_UZ0P5,2022_RATE_WAR,0.06962866582272964,-0.16905122540885364,0.34033000652187123,282,1,0,1,1,0.48968526730997225,0.7194394183587806,0.8034482758620689,0.1,0.3936919292671211
CW30_ABS05_ZW504_UZ0P5,2025_PULLBACK,0.5209209421796146,-0.08797658983502699,2.358814480698012,50,4,4,2,1,,0.4497232657191361,0.9,0.1,0.5502767342808637
CW30_ABS05_ZW504_UZ1P0,2008_GFC,0.6438913784479074,-0.10238566543315308,1.9642463765954166,247,1,1,1,1,0.5337118878049483,0.32415215839350986,0.7297619047619046,0.1,0.4583806345987459
CW30_ABS05_ZW504_UZ1P0,2011_EURO_DEBT,0.019120574802459656,-0.12478603999535476,0.16368717381065512,0,0,0,0,0,1.0,0.30000000000000004,0.7,,
CW30_ABS05_ZW504_UZ1P0,2015_2016,0.147791812599936,-0.06357779582701362,1.6182198939594874,0,0,0,0,0,0.8328537400730626,0.3,0.7,,0.41203496633152
CW30_ABS05_ZW504_UZ1P0,2018Q4,0.05199073049392999,-0.043022277196462455,2.129876506147924,77,2,2,1,2,0.4950861212123282,0.9618570908764289,0.8999999999999999,0.1,0.41375463057081785
CW30_ABS05_ZW504_UZ1P0,COVID_2020,0.0582116289037935,-0.15383533620823908,0.5863901755260285,66,2,2,2,2,0.5466885689225445,1.0,,,0.4533114310774554
CW30_ABS05_ZW504_UZ1P0,2022_RATE_WAR,0.06962866582272964,-0.16905122540885364,0.34033000652187123,236,1,1,0,1,0.48968526730997225,0.7194394183587806,0.8034482758620689,0.1,0.3936919292671211
CW30_ABS05_ZW504_UZ1P0,2025_PULLBACK,0.5209209421796146,-0.08797658983502699,2.358814480698012,50,4,4,2,1,,0.4497232657191361,0.9,0.1,0.5502767342808637
CW30_ABS05_ZW504_UZ1P5,2008_GFC,0.6438913784479074,-0.10238566543315308,1.9642463765954166,247,1,1,1,1,0.5337118878049483,0.32415215839350986,0.7297619047619046,0.1,0.4583806345987459
CW30_ABS05_ZW504_UZ1P5,2011_EURO_DEBT,0.019120574802459656,-0.12478603999535476,0.16368717381065512,0,0,0,0,0,1.0,0.30000000000000004,0.7,,
CW30_ABS05_ZW504_UZ1P5,2015_2016,0.147791812599936,-0.06357779582701362,1.6182198939594874,0,0,0,0,0,0.8328537400730626,0.3,0.7,,0.41203496633152
CW30_ABS05_ZW504_UZ1P5,2018Q4,0.0639343218571935,-0.04569042248481847,2.5636301052580506,68,3,2,2,2,0.4950861212123282,0.9100143341398839,0.9,0.1,0.37801626968718155
CW30_ABS05_ZW504_UZ1P5,COVID_2020,0.09931859741416948,-0.15383533620823908,1.0342547263562103,59,2,2,2,2,0.5401989680165098,1.0,,,0.45980103198349015
CW30_ABS05_ZW504_UZ1P5,2022_RATE_WAR,0.06962866582272964,-0.16905122540885364,0.34033000652187123,118,1,1,1,1,0.48968526730997225,0.7194394183587806,0.8034482758620689,0.1,0.3936919292671211
CW30_ABS05_ZW504_UZ1P5,2025_PULLBACK,0.5209209421796146,-0.08797658983502699,2.358814480698012,50,4,4,2,1,,0.4497232657191361,0.9,0.1,0.5502767342808637
CW30_ABS10_ZW126_UZ0P5,2008_GFC,0.5252744787820907,-0.15007092107743014,1.5695446283375185,115,1,1,1,1,0.5552351818055431,0.334802708942035,0.7351145038167939,0.09999999999999999,0.44340664206605584
CW30_ABS10_ZW126_UZ0P5,2011_EURO_DEBT,0.019120574802459656,-0.12478603999535476,0.16368717381065512,0,0,0,0,0,1.0,0.30000000000000004,0.7,,
CW30_ABS10_ZW126_UZ0P5,2015_2016,0.147791812599936,-0.06357779582701362,1.6182198939594874,0,0,0,0,0,0.8328537400730626,0.3,0.7,,0.41203496633152
CW30_ABS10_ZW126_UZ0P5,2018Q4,0.06451708882922014,-0.04569042248481847,2.3226411506906173,45,2,1,1,2,0.4950861212123282,0.8821458940790978,0.9,0.1,0.38161308880646566
CW30_ABS10_ZW126_UZ0P5,COVID_2020,0.10112286366197765,-0.15383533620823908,1.054343965817744,58,2,2,2,2,0.5411237107159279,1.0,,,0.458876289284072
CW30_ABS10_ZW126_UZ0P5,2022_RATE_WAR,0.012583921351114524,-0.17330237518624403,0.06198051719822311,121,1,1,1,1,0.4914851466355683,0.7143567991261498,0.8034482758620689,0.1,0.3979447687525123
CW30_ABS10_ZW126_UZ0P5,2025_PULLBACK,0.46645093968420626,-0.08797658983502687,2.1234774580965348,43,3,3,1,2,,0.4497229555422974,0.9,0.1,0.5502770444577024
CW30_ABS10_ZW126_UZ1P0,2008_GFC,0.5804596106639408,-0.12389705845112686,1.7167597921539777,106,1,1,1,1,0.5545065097174294,0.3361078105273613,0.7363636363636364,0.09999999999999999,0.44407242801719
CW30_ABS10_ZW126_UZ1P0,2011_EURO_DEBT,0.019120574802459656,-0.12478603999535476,0.16368717381065512,0,0,0,0,0,1.0,0.30000000000000004,0.7,,
CW30_ABS10_ZW126_UZ1P0,2015_2016,0.147791812599936,-0.06357779582701362,1.6182198939594874,0,0,0,0,0,0.8328537400730626,0.3,0.7,,0.41203496633152
CW30_ABS10_ZW126_UZ1P0,2018Q4,0.06451708882922014,-0.04569042248481847,2.3226411506906173,45,2,1,1,2,0.4950861212123282,0.8821458940790978,0.9,0.1,0.38161308880646566
CW30_ABS10_ZW126_UZ1P0,COVID_2020,0.1901155299673074,-0.15383533620823908,2.019851298250896,44,2,2,1,1,0.5312940383184089,1.0,,,0.46870596168159107
CW30_ABS10_ZW126_UZ1P0,2022_RATE_WAR,0.012583921351114524,-0.17330237518624403,0.06198051719822311,113,1,1,1,1,0.4914851466355683,0.7143567991261498,0.8034482758620689,0.1,0.3979447687525123
CW30_ABS10_ZW126_UZ1P0,2025_PULLBACK,0.47722797141731976,-0.08797658983502687,2.1722417789931523,39,3,3,1,2,,0.4495304150008057,0.9,0.10000000000000002,0.5504695849991942
CW30_ABS10_ZW126_UZ1P5,2008_GFC,0.5804596106639408,-0.12389705845112686,1.7167597921539777,106,1,1,1,1,0.5545065097174294,0.3361078105273613,0.7363636363636364,0.09999999999999999,0.44407242801719
CW30_ABS10_ZW126_UZ1P5,2011_EURO_DEBT,0.019120574802459656,-0.12478603999535476,0.16368717381065512,0,0,0,0,0,1.0,0.30000000000000004,0.7,,
CW30_ABS10_ZW126_UZ1P5,2015_2016,0.147791812599936,-0.06357779582701362,1.6182198939594874,0,0,0,0,0,0.8328537400730626,0.3,0.7,,0.41203496633152
CW30_ABS10_ZW126_UZ1P5,2018Q4,0.06451708882922014,-0.04569042248481847,2.3226411506906173,45,2,1,1,2,0.4950861212123282,0.8821458940790978,0.9,0.1,0.38161308880646566
CW30_ABS10_ZW126_UZ1P5,COVID_2020,0.1901155299673074,-0.15383533620823908,2.019851298250896,44,2,2,1,1,0.5312940383184089,1.0,,,0.46870596168159107
CW30_ABS10_ZW126_UZ1P5,2022_RATE_WAR,0.012583921351114524,-0.17330237518624403,0.06198051719822311,113,1,1,1,1,0.4914851466355683,0.7143567991261498,0.8034482758620689,0.1,0.3979447687525123
CW30_ABS10_ZW126_UZ1P5,2025_PULLBACK,0.4910203304096816,-0.08797658983502676,2.217071791468424,34,3,3,1,1,,0.44971118154371587,0.9,0.1,0.550288818456284
CW30_ABS10_ZW252_UZ0P5,2008_GFC,0.6108499759054691,-0.10238566543315297,1.8453547548416847,243,1,1,1,1,0.5337118878049483,0.3271657508669803,0.727710843373494,0.09999999999999999,0.45754148624089175
CW30_ABS10_ZW252_UZ0P5,2011_EURO_DEBT,0.019120574802459656,-0.12478603999535476,0.16368717381065512,0,0,0,0,0,1.0,0.30000000000000004,0.7,,
CW30_ABS10_ZW252_UZ0P5,2015_2016,0.147791812599936,-0.06357779582701362,1.6182198939594874,0,0,0,0,0,0.8328537400730626,0.3,0.7,,0.41203496633152
CW30_ABS10_ZW252_UZ0P5,2018Q4,0.052566955398057225,-0.043022277196462455,1.9205513683769369,72,2,2,1,2,0.4950861212123282,0.9235068833337078,0.8999999999999999,0.1,0.4023597245437111
CW30_ABS10_ZW252_UZ0P5,COVID_2020,0.030182479693404485,-0.15383533620823908,0.29757960572067177,67,2,2,2,2,0.5499700780475236,1.0,,,0.4500299219524762
CW30_ABS10_ZW252_UZ0P5,2022_RATE_WAR,0.012583921351114524,-0.17330237518624403,0.06198051719822311,225,1,1,0,1,0.4914851466355683,0.7143567991261498,0.8034482758620689,0.1,0.3979447687525123
CW30_ABS10_ZW252_UZ0P5,2025_PULLBACK,0.4637513485921483,-0.08797658983502687,2.1111043999366594,41,3,3,1,2,,0.4496259559513186,0.9,0.1,0.5503740440486813
CW30_ABS10_ZW252_UZ1P0,2008_GFC,0.6108499759054691,-0.10238566543315297,1.8453547548416847,243,1,1,1,1,0.5337118878049483,0.3271657508669803,0.727710843373494,0.09999999999999999,0.45754148624089175
CW30_ABS10_ZW252_UZ1P0,2011_EURO_DEBT,0.019120574802459656,-0.12478603999535476,0.16368717381065512,0,0,0,0,0,1.0,0.30000000000000004,0.7,,
CW30_ABS10_ZW252_UZ1P0,2015_2016,0.147791812599936,-0.06357779582701362,1.6182198939594874,0,0,0,0,0,0.8328537400730626,0.3,0.7,,0.41203496633152
CW30_ABS10_ZW252_UZ1P0,2018Q4,0.06451708882922014,-0.04569042248481847,2.3226411506906173,45,2,1,1,2,0.4950861212123282,0.8821458940790978,0.9,0.1,0.38161308880646566
CW30_ABS10_ZW252_UZ1P0,COVID_2020,0.10112286366197765,-0.15383533620823908,1.054343965817744,58,2,2,2,2,0.5411237107159279,1.0,,,0.458876289284072
CW30_ABS10_ZW252_UZ1P0,2022_RATE_WAR,0.012583921351114524,-0.17330237518624403,0.06198051719822311,202,1,1,1,1,0.4914851466355683,0.7143567991261498,0.8034482758620689,0.1,0.3979447687525123
CW30_ABS10_ZW252_UZ1P0,2025_PULLBACK,0.47722797141731976,-0.08797658983502687,2.1722417789931523,39,3,3,1,2,,0.4495304150008057,0.9,0.10000000000000002,0.5504695849991942
CW30_ABS10_ZW252_UZ1P5,2008_GFC,0.5420430200010979,-0.14072698266411077,1.6117072099519545,111,1,1,1,1,0.5549999163076692,0.3353709164349662,0.7356589147286822,0.09999999999999999,0.443629169547994
CW30_ABS10_ZW252_UZ1P5,2011_EURO_DEBT,0.019120574802459656,-0.12478603999535476,0.16368717381065512,0,0,0,0,0,1.0,0.30000000000000004,0.7,,
CW30_ABS10_ZW252_UZ1P5,2015_2016,0.147791812599936,-0.06357779582701362,1.6182198939594874,0,0,0,0,0,0.8328537400730626,0.3,0.7,,0.41203496633152
CW30_ABS10_ZW252_UZ1P5,2018Q4,0.06451708882922014,-0.04569042248481847,2.3226411506906173,45,2,1,1,2,0.4950861212123282,0.8821458940790978,0.9,0.1,0.38161308880646566
CW30_ABS10_ZW252_UZ1P5,COVID_2020,0.1901155299673074,-0.15383533620823908,2.019851298250896,44,2,2,1,1,0.5312940383184089,1.0,,,0.46870596168159107
CW30_ABS10_ZW252_UZ1P5,2022_RATE_WAR,0.012583921351114524,-0.17330237518624403,0.06198051719822311,113,1,1,1,1,0.4914851466355683,0.7143567991261498,0.8034482758620689,0.1,0.3979447687525123
CW30_ABS10_ZW252_UZ1P5,2025_PULLBACK,0.4826954064305695,-0.08797658983502687,2.1722839662103475,31,3,3,1,1,,0.4501845049914129,0.9,0.1,0.549815495008587
CW30_ABS10_ZW504_UZ0P5,2008_GFC,0.6108499759054691,-0.10238566543315297,1.8453547548416847,243,1,1,1,1,0.5337118878049483,0.3271657508669803,0.727710843373494,0.09999999999999999,0.45754148624089175
CW30_ABS10_ZW504_UZ0P5,2011_EURO_DEBT,0.019120574802459656,-0.12478603999535476,0.16368717381065512,0,0,0,0,0,1.0,0.30000000000000004,0.7,,
CW30_ABS10_ZW504_UZ0P5,2015_2016,0.147791812599936,-0.06357779582701362,1.6182198939594874,0,0,0,0,0,0.8328537400730626,0.3,0.7,,0.41203496633152
CW30_ABS10_ZW504_UZ0P5,2018Q4,0.06451708882922014,-0.04569042248481847,2.3226411506906173,45,2,1,2,2,0.4950861212123282,0.8821458940790978,0.9,0.1,0.38161308880646566
CW30_ABS10_ZW504_UZ0P5,COVID_2020,0.07259946882452217,-0.15383533620823908,0.775305909573668,71,2,2,1,2,0.555479772380822,1.0,,,0.44452022761917787
CW30_ABS10_ZW504_UZ0P5,2022_RATE_WAR,0.012583921351114524,-0.17330237518624403,0.06198051719822311,277,1,0,1,1,0.4914851466355683,0.7143567991261498,0.8034482758620689,0.1,0.3979447687525123
CW30_ABS10_ZW504_UZ0P5,2025_PULLBACK,0.4826954064305695,-0.08797658983502687,2.1722839662103475,31,3,3,1,1,,0.4501845049914129,0.9,0.1,0.549815495008587
CW30_ABS10_ZW504_UZ1P0,2008_GFC,0.6108499759054691,-0.10238566543315297,1.8453547548416847,243,1,1,1,1,0.5337118878049483,0.3271657508669803,0.727710843373494,0.09999999999999999,0.45754148624089175
CW30_ABS10_ZW504_UZ1P0,2011_EURO_DEBT,0.019120574802459656,-0.12478603999535476,0.16368717381065512,0,0,0,0,0,1.0,0.30000000000000004,0.7,,
CW30_ABS10_ZW504_UZ1P0,2015_2016,0.147791812599936,-0.06357779582701362,1.6182198939594874,0,0,0,0,0,0.8328537400730626,0.3,0.7,,0.41203496633152
CW30_ABS10_ZW504_UZ1P0,2018Q4,0.06451708882922014,-0.04569042248481847,2.3226411506906173,45,2,1,1,2,0.4950861212123282,0.8821458940790978,0.9,0.1,0.38161308880646566
CW30_ABS10_ZW504_UZ1P0,COVID_2020,0.0582116289037935,-0.15383533620823908,0.5863901755260285,64,2,2,2,2,0.5466885689225445,1.0,,,0.4533114310774554
CW30_ABS10_ZW504_UZ1P0,2022_RATE_WAR,0.012583921351114524,-0.17330237518624403,0.06198051719822311,231,1,1,0,1,0.4914851466355683,0.7143567991261498,0.8034482758620689,0.1,0.3979447687525123
CW30_ABS10_ZW504_UZ1P0,2025_PULLBACK,0.4826954064305695,-0.08797658983502687,2.1722839662103475,31,3,3,1,1,,0.4501845049914129,0.9,0.1,0.549815495008587
CW30_ABS10_ZW504_UZ1P5,2008_GFC,0.6108499759054691,-0.10238566543315297,1.8453547548416847,243,1,1,1,1,0.5337118878049483,0.3271657508669803,0.727710843373494,0.09999999999999999,0.45754148624089175
CW30_ABS10_ZW504_UZ1P5,2011_EURO_DEBT,0.019120574802459656,-0.12478603999535476,0.16368717381065512,0,0,0,0,0,1.0,0.30000000000000004,0.7,,
CW30_ABS10_ZW504_UZ1P5,2015_2016,0.147791812599936,-0.06357779582701362,1.6182198939594874,0,0,0,0,0,0.8328537400730626,0.3,0.7,,0.41203496633152
CW30_ABS10_ZW504_UZ1P5,2018Q4,0.06451708882922014,-0.04569042248481847,2.3226411506906173,45,2,1,1,2,0.4950861212123282,0.8821458940790978,0.9,0.1,0.38161308880646566
CW30_ABS10_ZW504_UZ1P5,COVID_2020,0.09931859741416948,-0.15383533620823908,1.0342547263562103,57,2,2,2,2,0.5401989680165098,1.0,,,0.45980103198349015
CW30_ABS10_ZW504_UZ1P5,2022_RATE_WAR,0.012583921351114524,-0.17330237518624403,0.06198051719822311,113,1,1,1,1,0.4914851466355683,0.7143567991261498,0.8034482758620689,0.1,0.3979447687525123
CW30_ABS10_ZW504_UZ1P5,2025_PULLBACK,0.4826954064305695,-0.08797658983502687,2.1722839662103475,31,3,3,1,1,,0.4501845049914129,0.9,0.1,0.549815495008587
CW30_ABS15_ZW126_UZ0P5,2008_GFC,0.5229570471300733,-0.15007092107743036,1.5466776048102888,111,1,1,1,1,0.5552351818055431,0.33843406782283725,0.7325581395348837,0.1,0.44323412184269334
CW30_ABS15_ZW126_UZ0P5,2011_EURO_DEBT,0.019120574802459656,-0.12478603999535476,0.16368717381065512,0,0,0,0,0,1.0,0.30000000000000004,0.7,,
CW30_ABS15_ZW126_UZ0P5,2015_2016,0.147791812599936,-0.06357779582701362,1.6182198939594874,0,0,0,0,0,0.8328537400730626,0.3,0.7,,0.41203496633152
CW30_ABS15_ZW126_UZ0P5,2018Q4,0.06627101194942586,-0.05277176282645246,1.9935120305612513,25,1,1,0,1,0.4950861212123282,0.8112385477667826,0.9,0.1,0.4345136035048829
CW30_ABS15_ZW126_UZ0P5,COVID_2020,0.10112286366197765,-0.15383533620823908,1.054343965817744,52,2,2,2,2,0.5411237107159279,1.0,,,0.458876289284072
CW30_ABS15_ZW126_UZ0P5,2022_RATE_WAR,0.04742768873097014,-0.16905122540885398,0.2296067326922797,120,1,1,1,1,0.49183637814768866,0.7133180965775175,0.8034482758620689,0.1,0.3986452364324591
CW30_ABS15_ZW126_UZ0P5,2025_PULLBACK,0.49337599047685354,-0.08797658983502676,2.1664077785536016,10,1,1,0,0,,0.45266875203223383,0.9,0.1,0.5473312479677661
CW30_ABS15_ZW126_UZ1P0,2008_GFC,0.5780583332693223,-0.12389705845112753,1.6922802164481876,102,1,1,1,1,0.5545065097174294,0.33985171786548296,0.7337349397590361,0.1,0.4438941241386489
CW30_ABS15_ZW126_UZ1P0,2011_EURO_DEBT,0.019120574802459656,-0.12478603999535476,0.16368717381065512,0,0,0,0,0,1.0,0.30000000000000004,0.7,,
CW30_ABS15_ZW126_UZ1P0,2015_2016,0.147791812599936,-0.06357779582701362,1.6182198939594874,0,0,0,0,0,0.8328537400730626,0.3,0.7,,0.41203496633152
CW30_ABS15_ZW126_UZ1P0,2018Q4,0.06627101194942586,-0.05277176282645246,1.9935120305612513,25,1,1,0,1,0.4950861212123282,0.8112385477667826,0.9,0.1,0.4345136035048829
CW30_ABS15_ZW126_UZ1P0,COVID_2020,0.1901155299673074,-0.15383533620823908,2.019851298250896,38,2,2,1,1,0.5312940383184089,1.0,,,0.46870596168159107
CW30_ABS15_ZW126_UZ1P0,2022_RATE_WAR,0.04742768873097014,-0.16905122540885398,0.2296067326922797,112,1,1,1,1,0.49183637814768866,0.7133180965775175,0.8034482758620689,0.1,0.3986452364324591
CW30_ABS15_ZW126_UZ1P0,2025_PULLBACK,0.49337599047685354,-0.08797658983502676,2.1664077785536016,10,1,1,0,0,,0.45266875203223383,0.9,0.1,0.5473312479677661
CW30_ABS15_ZW126_UZ1P5,2008_GFC,0.5780583332693223,-0.12389705845112753,1.6922802164481876,102,1,1,1,1,0.5545065097174294,0.33985171786548296,0.7337349397590361,0.1,0.4438941241386489
CW30_ABS15_ZW126_UZ1P5,2011_EURO_DEBT,0.019120574802459656,-0.12478603999535476,0.16368717381065512,0,0,0,0,0,1.0,0.30000000000000004,0.7,,
CW30_ABS15_ZW126_UZ1P5,2015_2016,0.147791812599936,-0.06357779582701362,1.6182198939594874,0,0,0,0,0,0.8328537400730626,0.3,0.7,,0.41203496633152
CW30_ABS15_ZW126_UZ1P5,2018Q4,0.06627101194942586,-0.05277176282645246,1.9935120305612513,25,1,1,0,1,0.4950861212123282,0.8112385477667826,0.9,0.1,0.4345136035048829
CW30_ABS15_ZW126_UZ1P5,COVID_2020,0.1901155299673074,-0.15383533620823908,2.019851298250896,38,2,2,1,1,0.5312940383184089,1.0,,,0.46870596168159107
CW30_ABS15_ZW126_UZ1P5,2022_RATE_WAR,0.04742768873097014,-0.16905122540885398,0.2296067326922797,112,1,1,1,1,0.49183637814768866,0.7133180965775175,0.8034482758620689,0.1,0.3986452364324591
CW30_ABS15_ZW126_UZ1P5,2025_PULLBACK,0.49337599047685354,-0.08797658983502676,2.1664077785536016,10,1,1,0,0,,0.45266875203223383,0.9,0.1,0.5473312479677661
CW30_ABS15_ZW252_UZ0P5,2008_GFC,0.6084025247924134,-0.10238566543315242,1.8182739171766142,239,1,1,1,1,0.5337118878049483,0.33010470327918834,0.7256097560975608,0.1,0.45676174661633706
CW30_ABS15_ZW252_UZ0P5,2011_EURO_DEBT,0.019120574802459656,-0.12478603999535476,0.16368717381065512,0,0,0,0,0,1.0,0.30000000000000004,0.7,,
CW30_ABS15_ZW252_UZ0P5,2015_2016,0.147791812599936,-0.06357779582701362,1.6182198939594874,0,0,0,0,0,0.8328537400730626,0.3,0.7,,0.41203496633152
CW30_ABS15_ZW252_UZ0P5,2018Q4,0.05430118920041638,-0.05012341619181726,1.644021125241928,52,1,2,0,1,0.4950861212123282,0.8505134517436513,0.9000000000000001,0.09999999999999999,0.45553595267020935
CW30_ABS15_ZW252_UZ0P5,COVID_2020,0.030182479693404485,-0.15383533620823908,0.29757960572067177,61,2,2,2,2,0.5499700780475236,1.0,,,0.4500299219524762
CW30_ABS15_ZW252_UZ0P5,2022_RATE_WAR,0.04742768873097014,-0.16905122540885398,0.2296067326922797,224,1,1,0,1,0.49183637814768866,0.7133180965775175,0.8034482758620689,0.1,0.3986452364324591
CW30_ABS15_ZW252_UZ0P5,2025_PULLBACK,0.49337599047685354,-0.08797658983502676,2.1664077785536016,10,1,1,0,0,,0.45266875203223383,0.9,0.1,0.5473312479677661
CW30_ABS15_ZW252_UZ1P0,2008_GFC,0.6084025247924134,-0.10238566543315242,1.8182739171766142,239,1,1,1,1,0.5337118878049483,0.33010470327918834,0.7256097560975608,0.1,0.45676174661633706
CW30_ABS15_ZW252_UZ1P0,2011_EURO_DEBT,0.019120574802459656,-0.12478603999535476,0.16368717381065512,0,0,0,0,0,1.0,0.30000000000000004,0.7,,
CW30_ABS15_ZW252_UZ1P0,2015_2016,0.147791812599936,-0.06357779582701362,1.6182198939594874,0,0,0,0,0,0.8328537400730626,0.3,0.7,,0.41203496633152
CW30_ABS15_ZW252_UZ1P0,2018Q4,0.06627101194942586,-0.05277176282645246,1.9935120305612513,25,1,1,0,1,0.4950861212123282,0.8112385477667826,0.9,0.1,0.4345136035048829
CW30_ABS15_ZW252_UZ1P0,COVID_2020,0.10112286366197765,-0.15383533620823908,1.054343965817744,52,2,2,2,2,0.5411237107159279,1.0,,,0.458876289284072
CW30_ABS15_ZW252_UZ1P0,2022_RATE_WAR,0.04742768873097014,-0.16905122540885398,0.2296067326922797,201,1,1,1,1,0.49183637814768866,0.7133180965775175,0.8034482758620689,0.1,0.3986452364324591
CW30_ABS15_ZW252_UZ1P0,2025_PULLBACK,0.49337599047685354,-0.08797658983502676,2.1664077785536016,10,1,1,0,0,,0.45266875203223383,0.9,0.1,0.5473312479677661
CW30_ABS15_ZW252_UZ1P5,2008_GFC,0.5397001110014137,-0.1407269826641131,1.5884463833915066,107,1,1,1,1,0.5549999163076692,0.33905148256697926,0.7330708661417322,0.1,0.44345557965065135
CW30_ABS15_ZW252_UZ1P5,2011_EURO_DEBT,0.019120574802459656,-0.12478603999535476,0.16368717381065512,0,0,0,0,0,1.0,0.30000000000000004,0.7,,
CW30_ABS15_ZW252_UZ1P5,2015_2016,0.147791812599936,-0.06357779582701362,1.6182198939594874,0,0,0,0,0,0.8328537400730626,0.3,0.7,,0.41203496633152
CW30_ABS15_ZW252_UZ1P5,2018Q4,0.06627101194942586,-0.05277176282645246,1.9935120305612513,25,1,1,0,1,0.4950861212123282,0.8112385477667826,0.9,0.1,0.4345136035048829
CW30_ABS15_ZW252_UZ1P5,COVID_2020,0.1901155299673074,-0.15383533620823908,2.019851298250896,38,2,2,1,1,0.5312940383184089,1.0,,,0.46870596168159107
CW30_ABS15_ZW252_UZ1P5,2022_RATE_WAR,0.04742768873097014,-0.16905122540885398,0.2296067326922797,112,1,1,1,1,0.49183637814768866,0.7133180965775175,0.8034482758620689,0.1,0.3986452364324591
CW30_ABS15_ZW252_UZ1P5,2025_PULLBACK,0.49337599047685354,-0.08797658983502676,2.1664077785536016,10,1,1,0,0,,0.45266875203223383,0.9,0.1,0.5473312479677661
CW30_ABS15_ZW504_UZ0P5,2008_GFC,0.6084025247924134,-0.10238566543315242,1.8182739171766142,239,1,1,1,1,0.5337118878049483,0.33010470327918834,0.7256097560975608,0.1,0.45676174661633706
CW30_ABS15_ZW504_UZ0P5,2011_EURO_DEBT,0.019120574802459656,-0.12478603999535476,0.16368717381065512,0,0,0,0,0,1.0,0.30000000000000004,0.7,,
CW30_ABS15_ZW504_UZ0P5,2015_2016,0.147791812599936,-0.06357779582701362,1.6182198939594874,0,0,0,0,0,0.8328537400730626,0.3,0.7,,0.41203496633152
CW30_ABS15_ZW504_UZ0P5,2018Q4,0.06627101194942586,-0.05277176282645246,1.9935120305612513,25,1,1,0,1,0.4950861212123282,0.8112385477667826,0.9,0.1,0.4345136035048829
CW30_ABS15_ZW504_UZ0P5,COVID_2020,0.07259946882452217,-0.15383533620823908,0.775305909573668,65,2,2,1,2,0.555479772380822,1.0,,,0.44452022761917787
CW30_ABS15_ZW504_UZ0P5,2022_RATE_WAR,0.04742768873097014,-0.16905122540885398,0.2296067326922797,276,1,0,1,1,0.49183637814768866,0.7133180965775175,0.8034482758620689,0.1,0.3986452364324591
CW30_ABS15_ZW504_UZ0P5,2025_PULLBACK,0.49337599047685354,-0.08797658983502676,2.1664077785536016,10,1,1,0,0,,0.45266875203223383,0.9,0.1,0.5473312479677661
CW30_ABS15_ZW504_UZ1P0,2008_GFC,0.6084025247924134,-0.10238566543315242,1.8182739171766142,239,1,1,1,1,0.5337118878049483,0.33010470327918834,0.7256097560975608,0.1,0.45676174661633706
CW30_ABS15_ZW504_UZ1P0,2011_EURO_DEBT,0.019120574802459656,-0.12478603999535476,0.16368717381065512,0,0,0,0,0,1.0,0.30000000000000004,0.7,,
CW30_ABS15_ZW504_UZ1P0,2015_2016,0.147791812599936,-0.06357779582701362,1.6182198939594874,0,0,0,0,0,0.8328537400730626,0.3,0.7,,0.41203496633152
CW30_ABS15_ZW504_UZ1P0,2018Q4,0.06627101194942586,-0.05277176282645246,1.9935120305612513,25,1,1,0,1,0.4950861212123282,0.8112385477667826,0.9,0.1,0.4345136035048829
CW30_ABS15_ZW504_UZ1P0,COVID_2020,0.0582116289037935,-0.15383533620823908,0.5863901755260285,58,2,2,2,2,0.5466885689225445,1.0,,,0.4533114310774554
CW30_ABS15_ZW504_UZ1P0,2022_RATE_WAR,0.04742768873097014,-0.16905122540885398,0.2296067326922797,230,1,1,0,1,0.49183637814768866,0.7133180965775175,0.8034482758620689,0.1,0.3986452364324591
CW30_ABS15_ZW504_UZ1P0,2025_PULLBACK,0.49337599047685354,-0.08797658983502676,2.1664077785536016,10,1,1,0,0,,0.45266875203223383,0.9,0.1,0.5473312479677661
CW30_ABS15_ZW504_UZ1P5,2008_GFC,0.6084025247924134,-0.10238566543315242,1.8182739171766142,239,1,1,1,1,0.5337118878049483,0.33010470327918834,0.7256097560975608,0.1,0.45676174661633706
CW30_ABS15_ZW504_UZ1P5,2011_EURO_DEBT,0.019120574802459656,-0.12478603999535476,0.16368717381065512,0,0,0,0,0,1.0,0.30000000000000004,0.7,,
CW30_ABS15_ZW504_UZ1P5,2015_2016,0.147791812599936,-0.06357779582701362,1.6182198939594874,0,0,0,0,0,0.8328537400730626,0.3,0.7,,0.41203496633152
CW30_ABS15_ZW504_UZ1P5,2018Q4,0.06627101194942586,-0.05277176282645246,1.9935120305612513,25,1,1,0,1,0.4950861212123282,0.8112385477667826,0.9,0.1,0.4345136035048829
CW30_ABS15_ZW504_UZ1P5,COVID_2020,0.09931859741416948,-0.15383533620823908,1.0342547263562103,51,2,2,2,2,0.5401989680165098,1.0,,,0.45980103198349015
CW30_ABS15_ZW504_UZ1P5,2022_RATE_WAR,0.04742768873097014,-0.16905122540885398,0.2296067326922797,112,1,1,1,1,0.49183637814768866,0.7133180965775175,0.8034482758620689,0.1,0.3986452364324591
CW30_ABS15_ZW504_UZ1P5,2025_PULLBACK,0.49337599047685354,-0.08797658983502676,2.1664077785536016,10,1,1,0,0,,0.45266875203223383,0.9,0.1,0.5473312479677661
