credit_variant,episode_id,entry_date,unlock_date,duration_days,entry_SPY_DD,entry_CREDIT_SPREAD,entry_D_CREDIT_15D,entry_D_CREDIT_Z,entry_CREDIT_LEVEL_Z,unlock_D_CREDIT_15D,unlock_CREDIT_LEVEL_Z,unlock_SPY_vs_MA20,unlock_SPY_vs_MA50,SPY_return_during_lock,SPY_maxDD_during_lock,CASH_return_during_lock,next_21d_SPY_return_after_unlock,next_21d_SPY_maxDD_after_unlock,next_63d_SPY_return_after_unlock,next_63d_SPY_maxDD_after_unlock,false_recovery_flag,missed_rebound_flag,relock_within_21d,relock_within_63d
SPY_CASH_FINAL_LOCKS,1,2007-11-26,2008-04-25,104,-0.0992462694414464,0.9899999999999993,0.13999999999999968,2.3987094336911143,1.8818242996091878,-0.02999999999999936,1.7169852413750506,0.023122691827907937,0.03937401565546628,-0.030441352326004978,-0.15387059523373026,0.00880062530782233,-0.0067332877522486845,-0.03781899682944745,-0.09665004921873566,-0.1499815171238229,True,True,False,False
SPY_CASH_FINAL_LOCKS,2,2018-03-20,2018-04-27,27,-0.0507525410358691,0.7799999999999998,0.10999999999999988,3.780752081116747,3.764530840996336,-0.009999999999999787,2.506082561592528,0.006340572831125657,-0.005528286645073877,-0.015453452633356068,-0.04975111981267488,0.0018538579651949938,0.009228602072067105,-0.01591262363618895,0.06048793967860533,-0.02997488926998826,False,False,False,False
SPY_CASH_FINAL_LOCKS,3,2018-11-27,2019-01-07,26,-0.0816298377479007,1.0300000000000002,0.11000000000000032,2.487153282082807,2.185004418733136,0.05999999999999961,2.350551346749624,0.008441620375136516,-0.03178171811339481,-0.05097624477758189,-0.15607447747426728,0.00241108312351912,0.07217555214345217,-0.013510623931932364,0.14027058048815233,-0.021253639218935416,True,True,True,True
SPY_CASH_FINAL_LOCKS,4,2019-01-28,2019-02-15,14,-0.0922363227729098,1.2300000000000004,0.09000000000000075,1.4492042114996562,2.611433069425166,-0.04000000000000048,1.920934801437405,0.029838574516940053,0.06329676771423953,0.03235780759428075,-0.010838736026719364,0.001304093771762549,0.02261914218059391,-0.021253639218935527,0.03507587260627876,-0.04479180168549546,False,False,False,False
SPY_CASH_FINAL_LOCKS,5,2020-03-13,2020-04-06,16,-0.2039962095583993,1.1099999999999999,0.2999999999999998,5.606543158882503,2.361255619560613,0.7800000000000002,6.055287690648605,0.05351803575051828,-0.09384975641231097,0.006204670336973361,-0.1673064514209136,5.1146348734487646e-05,0.07320837775216593,-0.047446260657181494,0.18991480984979447,-0.0698950637250666,True,True,True,True
SPY_CASH_FINAL_LOCKS,6,2020-04-08,2020-04-24,11,-0.1853124632037285,1.8900000000000001,0.7800000000000002,4.608370976052286,5.299654383612866,-0.10000000000000009,2.392784580546276,0.04804862218140116,0.012797561918217237,0.05261566985862354,-0.047446260657181494,7.096984638588211e-05,0.05693187500307939,-0.039596086224793936,0.1389620131921745,-0.0698950637250666,False,False,False,False
SPY_CASH_FINAL_LOCKS,7,2022-02-28,2022-04-08,29,-0.0859935276062733,0.77,0.1299999999999999,4.676643535211978,3.4879801505541446,-0.03000000000000025,2.8692762871785633,0.002236609228927877,0.01557519106342875,0.02835909853272023,-0.04941900840318236,0.0005448219892361106,-0.10831836662637495,-0.10531661871713616,-0.14544079579046654,-0.17614160547941304,True,False,False,True
SPY_CASH_FINAL_LOCKS,8,2022-05-31,2022-08-05,46,-0.1329200074004267,1.04,0.14000000000000057,2.639410279556082,2.965164835007683,-0.04999999999999982,1.8430768003246139,0.04197429458140167,0.05282144358860563,0.0016835747702370618,-0.12156500198574871,0.0034233230771936185,-0.05492530279664076,-0.09062131183276656,-0.09900582096171939,-0.16680303676492392,True,True,False,False
SPY_CASH_CREDIT_ONLY,1,2007-11-26,2008-04-28,105,-0.0992462694414464,0.9899999999999993,0.13999999999999968,2.3987094336911143,1.8818242996091878,-0.02999999999999936,1.6991239941231653,0.020478630873018266,0.038805032472558176,-0.02146918623571048,-0.15387059523373026,0.008852727751132772,-0.00236363510389459,-0.03781899682944734,-0.1100884139927728,-0.14998151712382268,True,True,False,False
SPY_CASH_CREDIT_ONLY,2,2018-03-20,2018-04-30,28,-0.0507525410358691,0.7799999999999998,0.10999999999999988,3.780752081116747,3.764530840996336,-0.009999999999999787,2.4654783525656225,-0.0027241778651458937,-0.012629027910790014,-0.014529293025239975,-0.04975111981267488,0.0019240038477161825,0.030622475147395134,-0.01591262363618906,0.06312461174944572,-0.02997488926998826,False,False,False,False
SPY_CASH_CREDIT_ONLY,3,2018-11-27,2019-02-19,55,-0.0816298377479007,1.0300000000000002,0.11000000000000032,2.487153282082807,2.185004418733136,-0.04000000000000048,1.9030351457044228,0.029443982572217475,0.06438855870505678,0.04295232649106029,-0.15607447747426728,0.005123411933110056,0.01777959784289629,-0.021253639218935638,0.02645563844362986,-0.04479180168549535,False,True,False,False
SPY_CASH_CREDIT_ONLY,4,2020-03-16,2020-04-27,29,-0.2910978512112505,1.1099999999999999,0.2999999999999998,5.27183052391418,2.3462869416175183,-0.31999999999999984,2.3565309593383663,0.05657951053380894,0.030945650031906746,0.05686159074474384,-0.112891625859458,0.00012767931316925996,0.057411883027371324,-0.039596086224793825,0.13096151904490627,-0.0698950637250666,False,True,False,False
SPY_CASH_CREDIT_ONLY,5,2022-02-28,2022-04-11,30,-0.0859935276062733,0.77,0.1299999999999999,4.676643535211978,3.4879801505541446,-0.03000000000000025,2.812649498667987,-0.017557113771302868,-0.0017533385312519245,0.02560914370511247,-0.04941900840318236,0.0005721241486391637,-0.10722392161525762,-0.11749510619128278,-0.13514629401257217,-0.17614160547941304,True,False,False,True
SPY_CASH_CREDIT_ONLY,6,2022-05-31,2022-08-08,47,-0.1329200074004267,1.04,0.14000000000000057,2.639410279556082,2.965164835007683,-0.04999999999999982,1.8227208232767271,0.037006755527130286,0.05067206703003846,-9.47486493019234e-06,-0.12156500198574871,0.003520872796247687,-0.03682903116248748,-0.09062131183276678,-0.08497544223264009,-0.16680303676492425,True,True,False,False
BASELINE_ABS,1,2007-11-26,2008-04-28,105,-0.0992462694414464,0.9899999999999993,0.13999999999999968,2.3987094336911143,1.8818242996091878,-0.02999999999999936,1.6991239941231653,0.020478630873018266,0.038805032472558176,-0.02146918623571048,-0.15387059523373026,0.008852727751132772,-0.00236363510389459,-0.03781899682944734,-0.1100884139927728,-0.14998151712382268,True,True,False,False
BASELINE_ABS,2,2018-03-20,2018-04-30,28,-0.0507525410358691,0.7799999999999998,0.10999999999999988,3.780752081116747,3.764530840996336,-0.009999999999999787,2.4654783525656225,-0.0027241778651458937,-0.012629027910790014,-0.014529293025239975,-0.04975111981267488,0.0019240038477161825,0.030622475147395134,-0.01591262363618906,0.06312461174944572,-0.02997488926998826,False,False,False,False
BASELINE_ABS,3,2018-11-27,2019-01-08,27,-0.0816298377479007,1.0300000000000002,0.11000000000000032,2.487153282082807,2.185004418733136,0.019999999999999574,2.318673500838969,0.018980644035736738,-0.022163211046602793,-0.04349359184932744,-0.15607447747426728,0.0025058161554201153,0.05206996782040019,-0.013510623931932142,0.12386783856146688,-0.02125363921893575,True,True,True,True
BASELINE_ABS,4,2019-01-28,2019-02-19,15,-0.0922363227729098,1.2300000000000004,0.09000000000000075,1.4492042114996562,2.611433069425166,-0.04000000000000048,1.9030351457044228,0.029443982572217475,0.06438855870505678,0.043607723738566806,-0.010838736026719364,0.0013975579307410335,0.01777959784289629,-0.021253639218935638,0.02645563844362986,-0.04479180168549535,False,False,False,False
BASELINE_ABS,5,2020-03-16,2020-04-07,16,-0.2910978512112505,1.1099999999999999,0.2999999999999998,5.27183052391418,2.3462869416175183,0.7800000000000002,5.641338517624506,0.059142569155753666,-0.08940713325837601,-0.010777125517919761,-0.112891625859458,4.639419069651929e-05,0.08505263445233702,-0.047446260657181494,0.19779521250903076,-0.06989506372506638,True,True,True,True
BASELINE_ABS,6,2020-04-08,2020-04-27,12,-0.1853124632037285,1.8900000000000001,0.7800000000000002,4.608370976052286,5.299654383612866,-0.31999999999999984,2.3565309593383663,0.05657951053380894,0.030945650031906746,0.0672877907065923,-0.047446260657181494,7.572924536281e-05,0.057411883027371324,-0.039596086224793825,0.13096151904490627,-0.0698950637250666,False,False,False,False
BASELINE_ABS,7,2022-02-28,2022-04-11,30,-0.0859935276062733,0.77,0.1299999999999999,4.676643535211978,3.4879801505541446,-0.03000000000000025,2.812649498667987,-0.017557113771302868,-0.0017533385312519245,0.02560914370511247,-0.04941900840318236,0.0005721241486391637,-0.10722392161525762,-0.11749510619128278,-0.13514629401257217,-0.17614160547941304,True,False,False,True
BASELINE_ABS,8,2022-05-31,2022-08-08,47,-0.1329200074004267,1.04,0.14000000000000057,2.639410279556082,2.965164835007683,-0.04999999999999982,1.8227208232767271,0.037006755527130286,0.05067206703003846,-9.47486493019234e-06,-0.12156500198574871,0.003520872796247687,-0.03682903116248748,-0.09062131183276678,-0.08497544223264009,-0.16680303676492425,True,True,False,False
ABS_20D,1,2007-11-12,2008-04-28,114,-0.0816719211549459,0.8799999999999999,0.0699999999999994,1.3284737914189748,-0.36933609571878384,-0.02999999999999936,1.6991239941231653,0.020478630873018266,0.038805032472558176,-0.028278121961095137,-0.15387059523373037,0.01000106993563743,-0.00236363510389459,-0.03781899682944734,-0.1100884139927728,-0.14998151712382268,True,True,False,False
ABS_20D,2,2018-03-20,2018-05-07,33,-0.0507525410358691,0.7799999999999998,0.10999999999999988,3.780752081116747,3.764530840996336,-0.04000000000000048,1.8695439647276435,0.0038927452167820675,-0.0013582989885674301,-0.016525776533136805,-0.04975111981267488,0.0022814487650772985,0.03926261965181066,-0.01591262363618906,0.07117572052434662,-0.02997488926998826,False,False,False,False
ABS_20D,3,2018-12-03,2019-01-08,23,-0.0443339995859147,1.0699999999999994,0.09999999999999876,2.0601109474905255,2.4893160192749098,0.019999999999999574,2.318673500838969,0.018980644035736738,-0.022163211046602793,-0.07177404430515255,-0.1560744774742675,0.0021382030517735906,0.05206996782040019,-0.013510623931932142,0.12386783856146688,-0.02125363921893575,True,True,True,True
ABS_20D,4,2019-01-28,2019-02-25,19,-0.0922363227729098,1.2300000000000004,0.09000000000000075,1.4492042114996562,2.611433069425166,-0.0999999999999992,1.422413140815283,0.024454993712762496,0.06596381244900607,0.05026733969732056,-0.010838736026719364,0.0017753842024856858,0.01015424153571809,-0.021253639218935527,0.016119054253380893,-0.04479180168549579,False,False,False,False
ABS_20D,5,2020-03-16,2020-04-07,16,-0.2910978512112505,1.1099999999999999,0.2999999999999998,5.27183052391418,2.3462869416175183,0.7800000000000002,5.641338517624506,0.059142569155753666,-0.08940713325837601,-0.010777125517919761,-0.112891625859458,4.639419069651929e-05,0.08505263445233702,-0.047446260657181494,0.19779521250903076,-0.06989506372506638,True,True,True,True
ABS_20D,6,2020-04-08,2020-04-28,13,-0.1853124632037285,1.8900000000000001,0.7800000000000002,4.608370976052286,5.299654383612866,-0.31999999999999984,2.32156844770894,0.04708079044920188,0.029896392267974914,0.08267627528176358,-0.047446260657181494,8.048866699006396e-05,0.06033665730377891,-0.03959608622479416,0.1289795420414983,-0.06989506372506649,False,False,False,False
ABS_20D,7,2020-10-05,2020-11-05,23,-0.0463519932773675,1.0900000000000003,0.050000000000000266,0.18076877611174275,-0.04039498723672895,-0.040000000000000036,-0.20732404888546122,0.025376834975445295,0.03339939563821703,0.02905593219118896,-0.07346147741996822,9.202105115102555e-05,0.05382045947857317,-0.01996867939436675,0.11973106031695013,-0.037253632089905175,False,False,False,False
ABS_20D,8,2022-02-28,2022-08-08,111,-0.0859935276062733,0.77,0.1299999999999999,4.676643535211978,3.4879801505541446,-0.04999999999999982,1.8227208232767271,0.037006755527130286,0.05067206703003846,-0.0484384024086012,-0.20561144181231983,0.005321336167589452,-0.03682903116248748,-0.09062131183276678,-0.08497544223264009,-0.16680303676492425,True,True,False,False
ABS_20D,9,2025-04-28,2025-05-27,20,-0.0985804836274187,0.7599999999999998,0.07999999999999918,2.5571984623298,1.6937432781653847,-0.009999999999999787,1.1726034057798584,0.026931446306258433,0.06092244193233376,0.05170336965176525,-0.02646041269613264,0.003301508966593314,0.03811017780447101,-0.012775302873934358,0.09459063324391148,-0.024140684870573526,False,False,False,False
ABS_OR_DZ_15D,1,2007-11-19,2008-04-28,109,-0.0812884391465462,0.9299999999999997,0.09999999999999964,1.8076653110097796,0.669724604757627,-0.02999999999999936,1.6991239941231653,0.020478630873018266,0.038805032472558176,-0.032610692781622874,-0.15387059523373037,0.00935181579352995,-0.00236363510389459,-0.03781899682944734,-0.1100884139927728,-0.14998151712382268,True,True,False,False
ABS_OR_DZ_15D,2,2018-03-20,2018-04-30,28,-0.0507525410358691,0.7799999999999998,0.10999999999999988,3.780752081116747,3.764530840996336,-0.009999999999999787,2.4654783525656225,-0.0027241778651458937,-0.012629027910790014,-0.014529293025239975,-0.04975111981267488,0.0019240038477161825,0.030622475147395134,-0.01591262363618906,0.06312461174944572,-0.02997488926998826,False,False,False,False
ABS_OR_DZ_15D,3,2018-11-26,2019-01-08,28,-0.0847094212830459,1.0300000000000002,0.11000000000000032,2.527586038292096,2.2117751415168825,0.019999999999999574,2.318673500838969,0.018980644035736738,-0.022163211046602793,-0.028051172656882617,-0.15607447747426728,0.002599003859152793,0.05206996782040019,-0.013510623931932142,0.12386783856146688,-0.02125363921893575,True,True,True,True
ABS_OR_DZ_15D,4,2019-01-28,2019-02-19,15,-0.0922363227729098,1.2300000000000004,0.09000000000000075,1.4492042114996562,2.611433069425166,-0.04000000000000048,1.9030351457044228,0.029443982572217475,0.06438855870505678,0.043607723738566806,-0.010838736026719364,0.0013975579307410335,0.01777959784289629,-0.021253639218935638,0.02645563844362986,-0.04479180168549535,False,False,False,False
ABS_OR_DZ_15D,5,2020-03-09,2020-04-07,21,-0.1894840808657809,0.9200000000000004,0.08000000000000052,1.8420442555348961,-0.13880082436052166,0.7800000000000002,5.641338517624506,0.059142569155753666,-0.08940713325837601,-0.10435860435029654,-0.2224498819833104,0.00011611500897212856,0.08505263445233702,-0.047446260657181494,0.19779521250903076,-0.06989506372506638,True,True,True,True
ABS_OR_DZ_15D,6,2020-04-08,2020-04-27,12,-0.1853124632037285,1.8900000000000001,0.7800000000000002,4.608370976052286,5.299654383612866,-0.31999999999999984,2.3565309593383663,0.05657951053380894,0.030945650031906746,0.0672877907065923,-0.047446260657181494,7.572924536281e-05,0.057411883027371324,-0.039596086224793825,0.13096151904490627,-0.0698950637250666,False,False,False,False
ABS_OR_DZ_15D,7,2022-02-15,2022-04-11,38,-0.0661698240827547,0.6800000000000002,0.040000000000000036,2.0388825493149927,0.11148808224893161,-0.03000000000000025,2.812649498667987,-0.017557113771302868,-0.0017533385312519245,0.022642297199154227,-0.06795817824531591,0.0006882535471193219,-0.10722392161525762,-0.11749510619128278,-0.13514629401257217,-0.17614160547941304,True,False,False,True
ABS_OR_DZ_15D,8,2022-05-23,2022-08-08,52,-0.1665380440715457,1.0100000000000007,0.09000000000000075,1.6677175387549001,2.983699371168744,-0.04999999999999982,1.8227208232767271,0.037006755527130286,0.05067206703003846,0.06577015742809778,-0.12156500198574904,0.0037304477694695137,-0.03682903116248748,-0.09062131183276678,-0.08497544223264009,-0.16680303676492425,True,True,False,False
ABS_OR_DZ_15D,9,2025-03-17,2025-03-25,6,-0.0746904654603005,0.6400000000000006,0.040000000000000924,1.9862492880202962,-0.7705955140267547,0.05000000000000071,-0.7318561503080323,0.009503010524428479,-0.021394928026689075,0.023092937805835767,-0.010808446655089288,0.0009789063493104155,-0.049994850603122365,-0.12682242301657587,0.05813561794908195,-0.12682242301657587,True,False,True,True
ABS_OR_DZ_15D,10,2025-03-26,2025-04-25,21,-0.0695504731805428,0.6400000000000006,0.05000000000000071,2.2040406748361487,-0.725482348710692,0.09999999999999964,1.7017543485847704,0.029888223299008088,-0.018845262817579034,-0.049994850603122365,-0.12682242301657587,0.0034416384613613626,0.07356887283705582,-0.02646041269613264,0.16014618858273533,-0.02646041269613264,True,True,True,True
ABS_OR_DZ_15D,11,2025-04-28,2025-05-19,15,-0.0985804836274187,0.7599999999999998,0.07999999999999918,2.5571984623298,1.6937432781653847,-0.019999999999999574,1.2020295271126182,0.053323021028201856,0.07325737881183536,0.07910778683589714,-0.014044795118028919,0.0024725346808622817,0.004354182069674861,-0.023176206018680423,0.07876186593748136,-0.024140684870573637,False,False,False,False
DZ_ONLY_15D_1P5,1,2007-11-19,2008-04-21,104,-0.0812884391465462,0.9299999999999997,0.09999999999999964,1.8076653110097796,0.669724604757627,0.010000000000000675,1.9474932473808222,0.02339295230673888,0.034336876466136035,-0.04037202469752299,-0.15387059523373037,0.009097923458507795,0.02410704385948481,-0.022175431537789336,-0.08566954014278871,-0.1499815171238229,True,True,False,False
DZ_ONLY_15D_1P5,2,2018-03-20,2018-04-30,28,-0.0507525410358691,0.7799999999999998,0.10999999999999988,3.780752081116747,3.764530840996336,-0.009999999999999787,2.4654783525656225,-0.0027241778651458937,-0.012629027910790014,-0.014529293025239975,-0.04975111981267488,0.0019240038477161825,0.030622475147395134,-0.01591262363618906,0.06312461174944572,-0.02997488926998826,False,False,False,False
DZ_ONLY_15D_1P5,3,2018-11-26,2019-01-08,28,-0.0847094212830459,1.0300000000000002,0.11000000000000032,2.527586038292096,2.2117751415168825,0.019999999999999574,2.318673500838969,0.018980644035736738,-0.022163211046602793,-0.028051172656882617,-0.15607447747426728,0.002599003859152793,0.05206996782040019,-0.013510623931932142,0.12386783856146688,-0.02125363921893575,True,True,True,True
DZ_ONLY_15D_1P5,4,2019-01-28,2019-02-12,11,-0.0922363227729098,1.2300000000000004,0.09000000000000075,1.4492042114996562,2.611433069425166,0.010000000000001119,2.0532713691643307,0.025781218652875637,0.05097254995861222,0.018210708541094967,-0.010838736026719364,0.0010233656534266444,0.0257569466039278,-0.021253639218935527,0.03848319575746362,-0.04479180168549568,False,False,False,False
DZ_ONLY_15D_1P5,5,2020-03-09,2020-04-07,21,-0.1894840808657809,0.9200000000000004,0.08000000000000052,1.8420442555348961,-0.13880082436052166,0.7800000000000002,5.641338517624506,0.059142569155753666,-0.08940713325837601,-0.10435860435029654,-0.2224498819833104,0.00011611500897212856,0.08505263445233702,-0.047446260657181494,0.19779521250903076,-0.06989506372506638,True,True,True,True
DZ_ONLY_15D_1P5,6,2020-04-08,2020-04-21,8,-0.1853124632037285,1.8900000000000001,0.7800000000000002,4.608370976052286,5.299654383612866,0.009999999999999343,3.0113646079685985,0.02841268886273718,-0.03383171451885547,0.06208316593449403,-0.02124783405605546,5.7484569755850146e-05,0.08749665174323962,-0.039596086224793936,0.1955766169298805,-0.0698950637250666,False,False,False,False
DZ_ONLY_15D_1P5,7,2022-02-15,2022-04-11,38,-0.0661698240827547,0.6800000000000002,0.040000000000000036,2.0388825493149927,0.11148808224893161,-0.03000000000000025,2.812649498667987,-0.017557113771302868,-0.0017533385312519245,0.022642297199154227,-0.06795817824531591,0.0006882535471193219,-0.10722392161525762,-0.11749510619128278,-0.13514629401257217,-0.17614160547941304,True,False,False,True
DZ_ONLY_15D_1P5,8,2022-05-23,2022-08-08,52,-0.1665380440715457,1.0100000000000007,0.09000000000000075,1.6677175387549001,2.983699371168744,-0.04999999999999982,1.8227208232767271,0.037006755527130286,0.05067206703003846,0.06577015742809778,-0.12156500198574904,0.0037304477694695137,-0.03682903116248748,-0.09062131183276678,-0.08497544223264009,-0.16680303676492425,True,True,False,False
DZ_ONLY_15D_1P5,9,2025-03-17,2025-03-25,6,-0.0746904654603005,0.6400000000000006,0.040000000000000924,1.9862492880202962,-0.7705955140267547,0.05000000000000071,-0.7318561503080323,0.009503010524428479,-0.021394928026689075,0.023092937805835767,-0.010808446655089288,0.0009789063493104155,-0.049994850603122365,-0.12682242301657587,0.05813561794908195,-0.12682242301657587,True,False,True,True
DZ_ONLY_15D_1P5,10,2025-03-26,2025-04-25,21,-0.0695504731805428,0.6400000000000006,0.05000000000000071,2.2040406748361487,-0.725482348710692,0.09999999999999964,1.7017543485847704,0.029888223299008088,-0.018845262817579034,-0.049994850603122365,-0.12682242301657587,0.0034416384613613626,0.07356887283705582,-0.02646041269613264,0.16014618858273533,-0.02646041269613264,True,True,True,True
DZ_ONLY_15D_1P5,11,2025-04-28,2025-05-19,15,-0.0985804836274187,0.7599999999999998,0.07999999999999918,2.5571984623298,1.6937432781653847,-0.019999999999999574,1.2020295271126182,0.053323021028201856,0.07325737881183536,0.07910778683589714,-0.014044795118028919,0.0024725346808622817,0.004354182069674861,-0.023176206018680423,0.07876186593748136,-0.024140684870573637,False,False,False,False
DZ_ONLY_15D_2P0,1,2007-11-26,2008-04-21,100,-0.0992462694414464,0.9899999999999993,0.13999999999999968,2.3987094336911143,1.8818242996091878,0.010000000000000675,1.9474932473808222,0.02339295230673888,0.034336876466136035,-0.029319906084370073,-0.15387059523373026,0.008598960956706758,0.02410704385948481,-0.022175431537789336,-0.08566954014278871,-0.1499815171238229,True,True,False,False
DZ_ONLY_15D_2P0,2,2018-03-20,2018-04-30,28,-0.0507525410358691,0.7799999999999998,0.10999999999999988,3.780752081116747,3.764530840996336,-0.009999999999999787,2.4654783525656225,-0.0027241778651458937,-0.012629027910790014,-0.014529293025239975,-0.04975111981267488,0.0019240038477161825,0.030622475147395134,-0.01591262363618906,0.06312461174944572,-0.02997488926998826,False,False,False,False
DZ_ONLY_15D_2P0,3,2018-11-26,2019-01-08,28,-0.0847094212830459,1.0300000000000002,0.11000000000000032,2.527586038292096,2.2117751415168825,0.019999999999999574,2.318673500838969,0.018980644035736738,-0.022163211046602793,-0.028051172656882617,-0.15607447747426728,0.002599003859152793,0.05206996782040019,-0.013510623931932142,0.12386783856146688,-0.02125363921893575,False,True,False,False
DZ_ONLY_15D_2P0,4,2020-03-16,2020-04-07,16,-0.2910978512112505,1.1099999999999999,0.2999999999999998,5.27183052391418,2.3462869416175183,0.7800000000000002,5.641338517624506,0.059142569155753666,-0.08940713325837601,-0.010777125517919761,-0.112891625859458,4.639419069651929e-05,0.08505263445233702,-0.047446260657181494,0.19779521250903076,-0.06989506372506638,True,True,True,True
DZ_ONLY_15D_2P0,5,2020-04-08,2020-04-21,8,-0.1853124632037285,1.8900000000000001,0.7800000000000002,4.608370976052286,5.299654383612866,0.009999999999999343,3.0113646079685985,0.02841268886273718,-0.03383171451885547,0.06208316593449403,-0.02124783405605546,5.7484569755850146e-05,0.08749665174323962,-0.039596086224793936,0.1955766169298805,-0.0698950637250666,False,False,False,False
DZ_ONLY_15D_2P0,6,2022-02-15,2022-04-11,38,-0.0661698240827547,0.6800000000000002,0.040000000000000036,2.0388825493149927,0.11148808224893161,-0.03000000000000025,2.812649498667987,-0.017557113771302868,-0.0017533385312519245,0.022642297199154227,-0.06795817824531591,0.0006882535471193219,-0.10722392161525762,-0.11749510619128278,-0.13514629401257217,-0.17614160547941304,True,False,False,True
DZ_ONLY_15D_2P0,7,2022-05-31,2022-08-08,47,-0.1329200074004267,1.04,0.14000000000000057,2.639410279556082,2.965164835007683,-0.04999999999999982,1.8227208232767271,0.037006755527130286,0.05067206703003846,-9.47486493019234e-06,-0.12156500198574871,0.003520872796247687,-0.03682903116248748,-0.09062131183276678,-0.08497544223264009,-0.16680303676492425,True,True,False,False
DZ_ONLY_15D_2P0,8,2025-03-24,2025-03-25,1,-0.0605665235461835,0.6400000000000006,0.05000000000000071,2.2632433805105054,-0.7382521795010898,0.05000000000000071,-0.7318561503080323,0.009503010524428479,-0.021394928026689075,0.01790844377492129,0.0,0.00016289409689806966,-0.049994850603122365,-0.12682242301657587,0.05813561794908195,-0.12682242301657587,True,False,True,True
DZ_ONLY_15D_2P0,9,2025-03-26,2025-04-25,21,-0.0695504731805428,0.6400000000000006,0.05000000000000071,2.2040406748361487,-0.725482348710692,0.09999999999999964,1.7017543485847704,0.029888223299008088,-0.018845262817579034,-0.049994850603122365,-0.12682242301657587,0.0034416384613613626,0.07356887283705582,-0.02646041269613264,0.16014618858273533,-0.02646041269613264,True,True,True,True
DZ_ONLY_15D_2P0,10,2025-04-28,2025-05-19,15,-0.0985804836274187,0.7599999999999998,0.07999999999999918,2.5571984623298,1.6937432781653847,-0.019999999999999574,1.2020295271126182,0.053323021028201856,0.07325737881183536,0.07910778683589714,-0.014044795118028919,0.0024725346808622817,0.004354182069674861,-0.023176206018680423,0.07876186593748136,-0.024140684870573637,False,False,False,False
LEVEL_Z_ENTRY,1,2007-11-26,2008-11-04,238,-0.0992462694414464,0.9899999999999993,0.13999999999999968,2.3987094336911143,1.8818242996091878,0.9400000000000004,4.065059467964777,0.06797013724680112,-0.08498702098431643,-0.31193971002465537,-0.4362772091003708,0.016466139465571406,-0.1504831706494184,-0.21561521545836726,-0.15091613202457088,-0.21561521545836726,True,True,False,False
LEVEL_Z_ENTRY,2,2018-03-20,2018-11-08,163,-0.0507525410358691,0.7799999999999998,0.10999999999999988,3.780752081116747,3.764530840996336,0.009999999999999787,1.1797080221442986,0.025428962507538344,-0.006906580160355169,0.048281131433858926,-0.09716441761529893,0.012773260921465246,-0.05835989781084905,-0.05631946191038828,-0.017109654697988752,-0.1560744774742674,True,True,True,True
LEVEL_Z_ENTRY,3,2018-11-13,2019-01-08,36,-0.0691068030837174,0.9700000000000006,0.040000000000000036,0.727457795630041,1.692862986390906,0.019999999999999574,2.318673500838969,0.018980644035736738,-0.022163211046602793,-0.06128522165424766,-0.15607447747426717,0.003334703125495775,0.05206996782040019,-0.013510623931932142,0.12386783856146688,-0.02125363921893575,True,True,True,True
LEVEL_Z_ENTRY,4,2019-01-09,2019-04-15,66,-0.1121631809805575,1.1399999999999997,0.019999999999999574,-0.10673351908450268,2.2878598475427063,-0.03000000000000025,0.43678932193482345,0.017861748838087443,0.03762428884289837,0.1350161712974829,-0.02125363921893575,0.006199210674068256,-0.016933006335886236,-0.04479180168549557,0.03885929732311544,-0.06618391134353974,False,True,False,False
LEVEL_Z_ENTRY,5,2020-03-16,2020-04-07,16,-0.2910978512112505,1.1099999999999999,0.2999999999999998,5.27183052391418,2.3462869416175183,0.7800000000000002,5.641338517624506,0.059142569155753666,-0.08940713325837601,-0.010777125517919761,-0.112891625859458,4.639419069651929e-05,0.08505263445233702,-0.047446260657181494,0.19779521250903076,-0.06989506372506638,True,True,True,True
LEVEL_Z_ENTRY,6,2020-04-08,2020-06-16,47,-0.1853124632037285,1.8900000000000001,0.7800000000000002,4.608370976052286,5.299654383612866,-0.2900000000000005,0.43926821996044185,0.020502235256319556,0.07069458582624,0.15811121643907633,-0.06989506372506638,0.0002645183482301583,0.029530108932037225,-0.03845547641947078,0.09172731146559943,-0.06846538114984979,False,True,False,False
LEVEL_Z_ENTRY,7,2022-02-22,2023-01-25,232,-0.1007724398573115,0.7399999999999998,0.09999999999999964,4.268297850288805,2.524203087598818,-0.0699999999999994,0.4893805179578669,0.026492357586696658,0.0209572674199201,-0.06341673615721777,-0.2209482591947478,0.02258660725002737,-0.009916131097093661,-0.04894651737778444,0.013871149216675205,-0.07538734629312316,False,True,False,False
LEVEL_Z_ENTRY,8,2025-04-28,2025-06-16,34,-0.0985804836274187,0.7599999999999998,0.07999999999999918,2.5571984623298,1.6937432781653847,-0.04999999999999982,0.18171705312276668,0.014992958369820952,0.06362585357978445,0.08419297269626203,-0.02646041269613264,0.00562490804660154,0.045159400913526326,-0.00799565171043104,0.09834603120524776,-0.024140684870573748,False,True,False,False
ABS_ENTRY_LEVEL_Z_UNLOCK,1,2007-11-26,2008-11-04,238,-0.0992462694414464,0.9899999999999993,0.13999999999999968,2.3987094336911143,1.8818242996091878,0.9400000000000004,4.065059467964777,0.06797013724680112,-0.08498702098431643,-0.31193971002465537,-0.4362772091003708,0.016466139465571406,-0.1504831706494184,-0.21561521545836726,-0.15091613202457088,-0.21561521545836726,True,True,False,False
ABS_ENTRY_LEVEL_Z_UNLOCK,2,2018-03-20,2018-11-08,163,-0.0507525410358691,0.7799999999999998,0.10999999999999988,3.780752081116747,3.764530840996336,0.009999999999999787,1.1797080221442986,0.025428962507538344,-0.006906580160355169,0.048281131433858926,-0.09716441761529893,0.012773260921465246,-0.05835989781084905,-0.05631946191038828,-0.017109654697988752,-0.1560744774742674,True,True,True,True
ABS_ENTRY_LEVEL_Z_UNLOCK,3,2018-11-27,2019-01-08,27,-0.0816298377479007,1.0300000000000002,0.11000000000000032,2.487153282082807,2.185004418733136,0.019999999999999574,2.318673500838969,0.018980644035736738,-0.022163211046602793,-0.04349359184932744,-0.15607447747426728,0.0025058161554201153,0.05206996782040019,-0.013510623931932142,0.12386783856146688,-0.02125363921893575,True,True,True,True
ABS_ENTRY_LEVEL_Z_UNLOCK,4,2019-01-28,2019-03-12,30,-0.0922363227729098,1.2300000000000004,0.09000000000000075,1.4492042114996562,2.611433069425166,-0.1200000000000001,0.9030353696285031,0.006454819309696935,0.041870116257711754,0.04763363016122346,-0.021253639218935638,0.0028153358753815194,0.03602944815361053,-0.019983887818669666,0.03822144771436009,-0.06618391134354007,False,False,False,False
ABS_ENTRY_LEVEL_Z_UNLOCK,5,2020-03-16,2020-04-07,16,-0.2910978512112505,1.1099999999999999,0.2999999999999998,5.27183052391418,2.3462869416175183,0.7800000000000002,5.641338517624506,0.059142569155753666,-0.08940713325837601,-0.010777125517919761,-0.112891625859458,4.639419069651929e-05,0.08505263445233702,-0.047446260657181494,0.19779521250903076,-0.06989506372506638,True,True,True,True
ABS_ENTRY_LEVEL_Z_UNLOCK,6,2020-04-08,2020-06-04,39,-0.1853124632037285,1.8900000000000001,0.7800000000000002,4.608370976052286,5.299654383612866,-0.1599999999999997,0.989036827525325,0.04951083652168098,0.101408209617039,0.17746004919882408,-0.047446260657181494,0.00021137585399588765,0.022756051696761315,-0.0698950637250666,0.153887023904826,-0.0698950637250666,True,True,False,False
ABS_ENTRY_LEVEL_Z_UNLOCK,7,2022-02-28,2023-01-09,217,-0.0859935276062733,0.77,0.1299999999999999,4.676643535211978,3.4879801505541446,-0.009999999999999787,0.9106154530263388,0.00590213400848949,-0.001577626317107117,-0.0990840997243787,-0.22094825919474825,0.020544637265753396,0.0587582982950845,-0.024742729724675616,0.06039210336849843,-0.07538734629312338,False,True,False,False
ABS_ENTRY_PERCENTILE_UNLOCK,1,2007-11-26,2008-11-04,238,-0.0992462694414464,0.9899999999999993,0.13999999999999968,2.3987094336911143,1.8818242996091878,0.9400000000000004,4.065059467964777,0.06797013724680112,-0.08498702098431643,-0.31193971002465537,-0.4362772091003708,0.016466139465571406,-0.1504831706494184,-0.21561521545836726,-0.15091613202457088,-0.21561521545836726,True,True,False,False
ABS_ENTRY_PERCENTILE_UNLOCK,2,2018-03-20,2018-11-08,163,-0.0507525410358691,0.7799999999999998,0.10999999999999988,3.780752081116747,3.764530840996336,0.009999999999999787,1.1797080221442986,0.025428962507538344,-0.006906580160355169,0.048281131433858926,-0.09716441761529893,0.012773260921465246,-0.05835989781084905,-0.05631946191038828,-0.017109654697988752,-0.1560744774742674,True,True,True,True
ABS_ENTRY_PERCENTILE_UNLOCK,3,2018-11-27,2019-01-08,27,-0.0816298377479007,1.0300000000000002,0.11000000000000032,2.487153282082807,2.185004418733136,0.019999999999999574,2.318673500838969,0.018980644035736738,-0.022163211046602793,-0.04349359184932744,-0.15607447747426728,0.0025058161554201153,0.05206996782040019,-0.013510623931932142,0.12386783856146688,-0.02125363921893575,True,True,True,True
ABS_ENTRY_PERCENTILE_UNLOCK,4,2019-01-28,2019-03-18,34,-0.0922363227729098,1.2300000000000004,0.09000000000000075,1.4492042114996562,2.611433069425166,-0.07000000000000028,0.799496225612263,0.016077407789360842,0.046438648819809636,0.06309419134670491,-0.021253639218935638,0.0031933083299091614,0.027733341204727147,-0.019983887818669666,0.024935396982186164,-0.06618391134354029,False,False,False,False
ABS_ENTRY_PERCENTILE_UNLOCK,5,2020-03-16,2020-04-07,16,-0.2910978512112505,1.1099999999999999,0.2999999999999998,5.27183052391418,2.3462869416175183,0.7800000000000002,5.641338517624506,0.059142569155753666,-0.08940713325837601,-0.010777125517919761,-0.112891625859458,4.639419069651929e-05,0.08505263445233702,-0.047446260657181494,0.19779521250903076,-0.06989506372506638,True,True,True,True
ABS_ENTRY_PERCENTILE_UNLOCK,6,2020-04-08,2020-07-27,75,-0.1853124632037285,1.8900000000000001,0.7800000000000002,4.608370976052286,5.299654383612866,-0.03000000000000025,0.2744411322500766,0.017067740596436343,0.04232669586836524,0.21560025075860922,-0.06989506372506638,0.0004231881594165543,0.06466152280912629,-0.008254583636216672,0.07407987272035799,-0.0944045117188198,True,True,False,False
ABS_ENTRY_PERCENTILE_UNLOCK,7,2022-02-28,2023-01-17,222,-0.0859935276062733,0.77,0.1299999999999999,4.676643535211978,3.4879801505541446,-0.040000000000000036,0.6461874267059272,0.030912869293518108,0.020073455431456777,-0.07489445918576854,-0.22094825919474825,0.021444075440633537,0.04075219705597344,-0.023249714144736977,0.04530477073868089,-0.07538734629312294,False,True,False,False
ABS_ENTRY_MA50_UNLOCK,1,2007-11-26,2008-04-28,105,-0.0992462694414464,0.9899999999999993,0.13999999999999968,2.3987094336911143,1.8818242996091878,-0.02999999999999936,1.6991239941231653,0.020478630873018266,0.038805032472558176,-0.02146918623571048,-0.15387059523373026,0.008852727751132772,-0.00236363510389459,-0.03781899682944734,-0.1100884139927728,-0.14998151712382268,True,True,False,False
ABS_ENTRY_MA50_UNLOCK,2,2018-03-20,2018-05-10,36,-0.0507525410358691,0.7799999999999998,0.10999999999999988,3.780752081116747,3.764530840996336,-0.04000000000000048,1.809422989359502,0.020463992556833288,0.018656415292602313,-0.003660187846275309,-0.04975111981267488,0.0024990243078928387,0.024042431314956758,-0.015912623636189283,0.052680496606247074,-0.02997488926998859,False,False,False,False
ABS_ENTRY_MA50_UNLOCK,3,2018-11-27,2019-01-08,27,-0.0816298377479007,1.0300000000000002,0.11000000000000032,2.487153282082807,2.185004418733136,0.019999999999999574,2.318673500838969,0.018980644035736738,-0.022163211046602793,-0.04349359184932744,-0.15607447747426728,0.0025058161554201153,0.05206996782040019,-0.013510623931932142,0.12386783856146688,-0.02125363921893575,True,True,True,True
ABS_ENTRY_MA50_UNLOCK,4,2019-01-28,2019-02-19,15,-0.0922363227729098,1.2300000000000004,0.09000000000000075,1.4492042114996562,2.611433069425166,-0.04000000000000048,1.9030351457044228,0.029443982572217475,0.06438855870505678,0.043607723738566806,-0.010838736026719364,0.0013975579307410335,0.01777959784289629,-0.021253639218935638,0.02645563844362986,-0.04479180168549535,False,False,False,False
ABS_ENTRY_MA50_UNLOCK,5,2020-03-16,2020-04-07,16,-0.2910978512112505,1.1099999999999999,0.2999999999999998,5.27183052391418,2.3462869416175183,0.7800000000000002,5.641338517624506,0.059142569155753666,-0.08940713325837601,-0.010777125517919761,-0.112891625859458,4.639419069651929e-05,0.08505263445233702,-0.047446260657181494,0.19779521250903076,-0.06989506372506638,True,True,True,True
ABS_ENTRY_MA50_UNLOCK,6,2020-04-08,2020-04-27,12,-0.1853124632037285,1.8900000000000001,0.7800000000000002,4.608370976052286,5.299654383612866,-0.31999999999999984,2.3565309593383663,0.05657951053380894,0.030945650031906746,0.0672877907065923,-0.047446260657181494,7.572924536281e-05,0.057411883027371324,-0.039596086224793825,0.13096151904490627,-0.0698950637250666,False,False,False,False
ABS_ENTRY_MA50_UNLOCK,7,2022-02-28,2022-04-11,30,-0.0859935276062733,0.77,0.1299999999999999,4.676643535211978,3.4879801505541446,-0.03000000000000025,2.812649498667987,-0.017557113771302868,-0.0017533385312519245,0.02560914370511247,-0.04941900840318236,0.0005721241486391637,-0.10722392161525762,-0.11749510619128278,-0.13514629401257217,-0.17614160547941304,True,False,False,True
ABS_ENTRY_MA50_UNLOCK,8,2022-05-31,2022-08-08,47,-0.1329200074004267,1.04,0.14000000000000057,2.639410279556082,2.965164835007683,-0.04999999999999982,1.8227208232767271,0.037006755527130286,0.05067206703003846,-9.47486493019234e-06,-0.12156500198574871,0.003520872796247687,-0.03682903116248748,-0.09062131183276678,-0.08497544223264009,-0.16680303676492425,True,True,False,False
ABS_ENTRY_MA20_MA50_UNLOCK,1,2007-11-26,2008-04-28,105,-0.0992462694414464,0.9899999999999993,0.13999999999999968,2.3987094336911143,1.8818242996091878,-0.02999999999999936,1.6991239941231653,0.020478630873018266,0.038805032472558176,-0.02146918623571048,-0.15387059523373026,0.008852727751132772,-0.00236363510389459,-0.03781899682944734,-0.1100884139927728,-0.14998151712382268,True,True,False,False
ABS_ENTRY_MA20_MA50_UNLOCK,2,2018-03-20,2018-05-10,36,-0.0507525410358691,0.7799999999999998,0.10999999999999988,3.780752081116747,3.764530840996336,-0.04000000000000048,1.809422989359502,0.020463992556833288,0.018656415292602313,-0.003660187846275309,-0.04975111981267488,0.0024990243078928387,0.024042431314956758,-0.015912623636189283,0.052680496606247074,-0.02997488926998859,False,False,False,False
ABS_ENTRY_MA20_MA50_UNLOCK,3,2018-11-27,2019-01-08,27,-0.0816298377479007,1.0300000000000002,0.11000000000000032,2.487153282082807,2.185004418733136,0.019999999999999574,2.318673500838969,0.018980644035736738,-0.022163211046602793,-0.04349359184932744,-0.15607447747426728,0.0025058161554201153,0.05206996782040019,-0.013510623931932142,0.12386783856146688,-0.02125363921893575,True,True,True,True
ABS_ENTRY_MA20_MA50_UNLOCK,4,2019-01-28,2019-02-19,15,-0.0922363227729098,1.2300000000000004,0.09000000000000075,1.4492042114996562,2.611433069425166,-0.04000000000000048,1.9030351457044228,0.029443982572217475,0.06438855870505678,0.043607723738566806,-0.010838736026719364,0.0013975579307410335,0.01777959784289629,-0.021253639218935638,0.02645563844362986,-0.04479180168549535,False,False,False,False
ABS_ENTRY_MA20_MA50_UNLOCK,5,2020-03-16,2020-04-07,16,-0.2910978512112505,1.1099999999999999,0.2999999999999998,5.27183052391418,2.3462869416175183,0.7800000000000002,5.641338517624506,0.059142569155753666,-0.08940713325837601,-0.010777125517919761,-0.112891625859458,4.639419069651929e-05,0.08505263445233702,-0.047446260657181494,0.19779521250903076,-0.06989506372506638,True,True,True,True
ABS_ENTRY_MA20_MA50_UNLOCK,6,2020-04-08,2020-04-27,12,-0.1853124632037285,1.8900000000000001,0.7800000000000002,4.608370976052286,5.299654383612866,-0.31999999999999984,2.3565309593383663,0.05657951053380894,0.030945650031906746,0.0672877907065923,-0.047446260657181494,7.572924536281e-05,0.057411883027371324,-0.039596086224793825,0.13096151904490627,-0.0698950637250666,False,False,False,False
ABS_ENTRY_MA20_MA50_UNLOCK,7,2022-02-28,2022-04-11,30,-0.0859935276062733,0.77,0.1299999999999999,4.676643535211978,3.4879801505541446,-0.03000000000000025,2.812649498667987,-0.017557113771302868,-0.0017533385312519245,0.02560914370511247,-0.04941900840318236,0.0005721241486391637,-0.10722392161525762,-0.11749510619128278,-0.13514629401257217,-0.17614160547941304,True,False,False,True
ABS_ENTRY_MA20_MA50_UNLOCK,8,2022-05-31,2022-08-08,47,-0.1329200074004267,1.04,0.14000000000000057,2.639410279556082,2.965164835007683,-0.04999999999999982,1.8227208232767271,0.037006755527130286,0.05067206703003846,-9.47486493019234e-06,-0.12156500198574871,0.003520872796247687,-0.03682903116248748,-0.09062131183276678,-0.08497544223264009,-0.16680303676492425,True,True,False,False
ABS_ENTRY_3D_CONFIRM_UNLOCK,1,2007-11-26,2008-04-30,107,-0.0992462694414464,0.9899999999999993,0.13999999999999968,2.3987094336911143,1.8818242996091878,-0.02999999999999936,1.6644771087361578,0.00897957423010265,0.027387044567140695,-0.025114016930414595,-0.15387059523373026,0.008966419965581451,0.015116492849400087,-0.03781899682944745,-0.0657244335755729,-0.14998151712382335,True,True,False,False
ABS_ENTRY_3D_CONFIRM_UNLOCK,2,2018-03-20,2018-05-07,33,-0.0507525410358691,0.7799999999999998,0.10999999999999988,3.780752081116747,3.764530840996336,-0.04000000000000048,1.8695439647276435,0.0038927452167820675,-0.0013582989885674301,-0.016525776533136805,-0.04975111981267488,0.0022814487650772985,0.03926261965181066,-0.01591262363618906,0.07117572052434662,-0.02997488926998826,False,False,False,False
ABS_ENTRY_3D_CONFIRM_UNLOCK,3,2018-11-27,2019-01-08,27,-0.0816298377479007,1.0300000000000002,0.11000000000000032,2.487153282082807,2.185004418733136,0.019999999999999574,2.318673500838969,0.018980644035736738,-0.022163211046602793,-0.04349359184932744,-0.15607447747426728,0.0025058161554201153,0.05206996782040019,-0.013510623931932142,0.12386783856146688,-0.02125363921893575,True,True,True,True
ABS_ENTRY_3D_CONFIRM_UNLOCK,4,2019-01-28,2019-02-21,17,-0.0922363227729098,1.2300000000000004,0.09000000000000075,1.4492042114996562,2.611433069425166,-0.04000000000000048,1.8725369938014829,0.022253007888239473,0.060667807057315226,0.047520648989455516,-0.010838736026719364,0.0015864532507909868,0.011030307081546953,-0.021253639218935416,0.03412880517323069,-0.04479180168549568,False,False,False,False
ABS_ENTRY_3D_CONFIRM_UNLOCK,5,2020-03-16,2020-04-07,16,-0.2910978512112505,1.1099999999999999,0.2999999999999998,5.27183052391418,2.3462869416175183,0.7800000000000002,5.641338517624506,0.059142569155753666,-0.08940713325837601,-0.010777125517919761,-0.112891625859458,4.639419069651929e-05,0.08505263445233702,-0.047446260657181494,0.19779521250903076,-0.06989506372506638,True,True,True,True
ABS_ENTRY_3D_CONFIRM_UNLOCK,6,2020-04-08,2020-04-29,14,-0.1853124632037285,1.8900000000000001,0.7800000000000002,4.608370976052286,5.299654383612866,-0.31999999999999984,2.28781821203136,0.06755546299577198,0.06003266044317712,0.07769791676644844,-0.047446260657181494,8.485170798433472e-05,0.03789092009224704,-0.0372651124781509,0.11370944512580694,-0.0698950637250666,False,False,False,False
ABS_ENTRY_3D_CONFIRM_UNLOCK,7,2022-02-28,2022-08-10,113,-0.0859935276062733,0.77,0.1299999999999999,4.676643535211978,3.4879801505541446,-0.04999999999999982,1.783384144187149,0.04517780464430898,0.06770381767690026,-0.05331724247764014,-0.20561144181231983,0.005524208547805554,-0.03188194352270157,-0.09062131183276656,-0.08671853161716792,-0.16680303676492392,True,True,False,False
ABS_ENTRY_COOLDOWN_10D_UNLOCK,1,2007-11-26,2008-05-12,115,-0.0992462694414464,0.9899999999999993,0.13999999999999968,2.3987094336911143,1.8818242996091878,-0.11000000000000121,1.1956473936225795,0.011132749604846781,0.03787455927436878,-0.026375858196252877,-0.15387059523373026,0.009456826339938829,-0.04641852947678993,-0.0636838014646286,-0.06476023860903501,-0.14998151712382302,True,True,False,False
ABS_ENTRY_COOLDOWN_10D_UNLOCK,2,2018-03-20,2018-08-31,115,-0.0507525410358691,0.7799999999999998,0.10999999999999988,3.780752081116747,3.764530840996336,-8.881784197001252e-16,1.243828847507585,0.014346316487780397,0.03268252760765478,0.07805691947350746,-0.04975111981267488,0.008582835703605518,0.008852238319545958,-0.008132981329625588,-0.046199506122075684,-0.09925164861211044,True,True,False,True
ABS_ENTRY_COOLDOWN_10D_UNLOCK,3,2018-11-27,2019-01-08,27,-0.0816298377479007,1.0300000000000002,0.11000000000000032,2.487153282082807,2.185004418733136,0.019999999999999574,2.318673500838969,0.018980644035736738,-0.022163211046602793,-0.04349359184932744,-0.15607447747426728,0.0025058161554201153,0.05206996782040019,-0.013510623931932142,0.12386783856146688,-0.02125363921893575,True,True,True,True
ABS_ENTRY_COOLDOWN_10D_UNLOCK,4,2019-01-28,2019-03-05,25,-0.0922363227729098,1.2300000000000004,0.09000000000000075,1.4492042114996562,2.611433069425166,-0.11000000000000076,1.0852771762835056,0.009791264273649958,0.053446600591037896,0.05124537897405679,-0.010838736026719364,0.0023420024253024696,0.03104322019553818,-0.019983887818669666,0.009840371173789775,-0.06618391134353996,False,False,False,False
ABS_ENTRY_COOLDOWN_10D_UNLOCK,5,2020-03-16,2020-04-07,16,-0.2910978512112505,1.1099999999999999,0.2999999999999998,5.27183052391418,2.3462869416175183,0.7800000000000002,5.641338517624506,0.059142569155753666,-0.08940713325837601,-0.010777125517919761,-0.112891625859458,4.639419069651929e-05,0.08505263445233702,-0.047446260657181494,0.19779521250903076,-0.06989506372506638,True,True,True,True
ABS_ENTRY_COOLDOWN_10D_UNLOCK,6,2020-04-08,2020-05-11,22,-0.1853124632037285,1.8900000000000001,0.7800000000000002,4.608370976052286,5.299654383612866,-0.18999999999999995,1.7888440103531955,0.028307659191850965,0.07569018419289186,0.10300617949801061,-0.047446260657181494,0.00012134215301418116,0.0905982566454051,-0.017685949838968984,0.15229609788209775,-0.06989506372506671,False,False,False,False
ABS_ENTRY_COOLDOWN_10D_UNLOCK,7,2022-02-28,2022-08-22,121,-0.0859935276062733,0.77,0.1299999999999999,4.676643535211978,3.4879801505541446,-0.09999999999999964,1.3789773042100857,-0.005284686439584796,0.04449334607512756,-0.028485174771891053,-0.20561144181231983,0.006339608538464381,-0.08324594940738661,-0.09670750030598974,-0.037965745708190335,-0.14656456330443834,True,True,False,False
ABS_ENTRY_FAST_RELOCK,1,2007-11-26,2008-04-28,105,-0.0992462694414464,0.9899999999999993,0.13999999999999968,2.3987094336911143,1.8818242996091878,-0.02999999999999936,1.6991239941231653,0.020478630873018266,0.038805032472558176,-0.02146918623571048,-0.15387059523373026,0.008852727751132772,-0.00236363510389459,-0.03781899682944734,-0.1100884139927728,-0.14998151712382268,True,True,True,True
ABS_ENTRY_FAST_RELOCK,2,2008-05-27,2008-08-04,48,-0.1047673945160218,1.38,0.03999999999999915,0.17432373258065634,1.3607572628620135,-0.020000000000000462,1.255083720374163,-0.0037223454442021353,-0.04111006251345095,-0.0788213041089546,-0.1362756187086439,0.0033026677564358398,0.023122062390060982,-0.028459778434852367,-0.22081398623935822,-0.35402092638860194,True,False,True,True
ABS_ENTRY_FAST_RELOCK,3,2008-08-18,2008-11-04,55,-0.1669276522444851,1.4900000000000002,8.881784197001252e-16,-0.41541264677087103,1.1998262454038962,0.9400000000000004,4.065059467964777,0.06797013724680112,-0.08498702098431643,-0.24965724416916812,-0.35144101026845553,0.0022269875057709942,-0.1504831706494184,-0.21561521545836726,-0.15091613202457088,-0.21561521545836726,True,True,True,True
ABS_ENTRY_FAST_RELOCK,4,2008-11-05,2008-12-31,38,-0.3722478456506537,3.0700000000000003,0.9400000000000004,3.6188224434525007,3.93358409709849,-0.09999999999999964,2.2082941659719326,0.02501811325322456,0.0210662545828606,-0.10674008836874094,-0.21561521545836726,0.00013518794209343987,-0.08488506860044676,-0.13801241566331768,-0.06884877842937098,-0.27131705636851255,True,True,False,False
ABS_ENTRY_FAST_RELOCK,5,2018-03-20,2018-04-30,28,-0.0507525410358691,0.7799999999999998,0.10999999999999988,3.780752081116747,3.764530840996336,-0.009999999999999787,2.4654783525656225,-0.0027241778651458937,-0.012629027910790014,-0.014529293025239975,-0.04975111981267488,0.0019240038477161825,0.030622475147395134,-0.01591262363618906,0.06312461174944572,-0.02997488926998826,True,False,True,True
ABS_ENTRY_FAST_RELOCK,6,2018-05-30,2018-06-25,18,-0.0449375282051653,0.8399999999999999,0.040000000000000036,0.927929430677018,2.249758246936815,-4.440892098500626e-16,2.1074613100124466,-0.013197780870699338,0.002264084796577359,0.025848357117921328,-0.012363886558089066,0.0013453148749207333,0.04800654409222327,-0.008284641751285515,0.07873519534560591,-0.014295039579321545,False,False,False,False
ABS_ENTRY_FAST_RELOCK,7,2018-11-27,2019-01-08,27,-0.0816298377479007,1.0300000000000002,0.11000000000000032,2.487153282082807,2.185004418733136,0.019999999999999574,2.318673500838969,0.018980644035736738,-0.022163211046602793,-0.04349359184932744,-0.15607447747426728,0.0025058161554201153,0.05206996782040019,-0.013510623931932142,0.12386783856146688,-0.02125363921893575,True,True,True,True
ABS_ENTRY_FAST_RELOCK,8,2019-01-09,2019-02-19,27,-0.1121631809805575,1.1399999999999997,0.019999999999999574,-0.10673351908450268,2.2878598475427063,-0.04000000000000048,1.9030351457044228,0.029443982572217475,0.06438855870505678,0.08022763122908705,-0.013510623931932142,0.0025163099826188695,0.01777959784289629,-0.021253639218935638,0.02645563844362986,-0.04479180168549535,False,False,False,False
ABS_ENTRY_FAST_RELOCK,9,2020-03-16,2020-04-07,16,-0.2910978512112505,1.1099999999999999,0.2999999999999998,5.27183052391418,2.3462869416175183,0.7800000000000002,5.641338517624506,0.059142569155753666,-0.08940713325837601,-0.010777125517919761,-0.112891625859458,4.639419069651929e-05,0.08505263445233702,-0.047446260657181494,0.19779521250903076,-0.06989506372506638,True,True,True,True
ABS_ENTRY_FAST_RELOCK,10,2020-04-08,2020-04-27,12,-0.1853124632037285,1.8900000000000001,0.7800000000000002,4.608370976052286,5.299654383612866,-0.31999999999999984,2.3565309593383663,0.05657951053380894,0.030945650031906746,0.0672877907065923,-0.047446260657181494,7.572924536281e-05,0.057411883027371324,-0.039596086224793825,0.13096151904490627,-0.0698950637250666,False,False,False,False
ABS_ENTRY_FAST_RELOCK,11,2022-02-28,2022-04-11,30,-0.0859935276062733,0.77,0.1299999999999999,4.676643535211978,3.4879801505541446,-0.03000000000000025,2.812649498667987,-0.017557113771302868,-0.0017533385312519245,0.02560914370511247,-0.04941900840318236,0.0005721241486391637,-0.10722392161525762,-0.11749510619128278,-0.13514629401257217,-0.17614160547941304,True,False,True,True
ABS_ENTRY_FAST_RELOCK,12,2022-04-25,2022-08-08,72,-0.1002044733575157,0.9000000000000004,0.03000000000000025,0.43882174495553167,2.665745112281758,-0.04999999999999982,1.8227208232767271,0.037006755527130286,0.05067206703003846,-0.0253121112211665,-0.14545758075080395,0.00446258778891484,-0.03682903116248748,-0.09062131183276678,-0.08497544223264009,-0.16680303676492425,True,True,False,False
ABS_ENTRY_FAST_RELOCK_WITH_VIX,1,2007-11-26,2008-04-28,105,-0.0992462694414464,0.9899999999999993,0.13999999999999968,2.3987094336911143,1.8818242996091878,-0.02999999999999936,1.6991239941231653,0.020478630873018266,0.038805032472558176,-0.02146918623571048,-0.15387059523373026,0.008852727751132772,-0.00236363510389459,-0.03781899682944734,-0.1100884139927728,-0.14998151712382268,True,True,True,True
ABS_ENTRY_FAST_RELOCK_WITH_VIX,2,2008-05-27,2008-08-04,48,-0.1047673945160218,1.38,0.03999999999999915,0.17432373258065634,1.3607572628620135,-0.020000000000000462,1.255083720374163,-0.0037223454442021353,-0.04111006251345095,-0.0788213041089546,-0.1362756187086439,0.0033026677564358398,0.023122062390060982,-0.028459778434852367,-0.22081398623935822,-0.35402092638860194,True,False,True,True
ABS_ENTRY_FAST_RELOCK_WITH_VIX,3,2008-08-20,2008-11-04,53,-0.1721831472183792,1.4900000000000002,8.881784197001252e-16,-0.4339915596745494,1.1822065344273924,0.9400000000000004,4.065059467964777,0.06797013724680112,-0.08498702098431643,-0.23086785162660806,-0.35144101026845576,0.002086658267109298,-0.1504831706494184,-0.21561521545836726,-0.15091613202457088,-0.21561521545836726,True,True,True,True
ABS_ENTRY_FAST_RELOCK_WITH_VIX,4,2008-11-07,2008-12-31,36,-0.3874541050214933,2.96,0.33999999999999986,0.9281292988622423,3.4611901607878957,-0.09999999999999964,2.2082941659719326,0.02501811325322456,0.0210662545828606,-0.012852039433184914,-0.19614310964873027,0.00010745592870597953,-0.08488506860044676,-0.13801241566331768,-0.06884877842937098,-0.27131705636851255,True,True,False,False
ABS_ENTRY_FAST_RELOCK_WITH_VIX,5,2018-03-20,2018-04-30,28,-0.0507525410358691,0.7799999999999998,0.10999999999999988,3.780752081116747,3.764530840996336,-0.009999999999999787,2.4654783525656225,-0.0027241778651458937,-0.012629027910790014,-0.014529293025239975,-0.04975111981267488,0.0019240038477161825,0.030622475147395134,-0.01591262363618906,0.06312461174944572,-0.02997488926998826,True,False,True,True
ABS_ENTRY_FAST_RELOCK_WITH_VIX,6,2018-05-30,2018-06-25,18,-0.0449375282051653,0.8399999999999999,0.040000000000000036,0.927929430677018,2.249758246936815,-4.440892098500626e-16,2.1074613100124466,-0.013197780870699338,0.002264084796577359,0.025848357117921328,-0.012363886558089066,0.0013453148749207333,0.04800654409222327,-0.008284641751285515,0.07873519534560591,-0.014295039579321545,True,False,True,True
ABS_ENTRY_FAST_RELOCK_WITH_VIX,7,2018-07-02,2018-08-06,24,-0.0432880477851459,0.8899999999999997,0.019999999999999574,0.246244849171084,2.2630041213620284,-0.03000000000000025,1.7049808443956909,0.013202905536128018,0.028743704523516378,0.045414333980152044,-0.014295039579321767,0.0018503164959942087,0.015422610173622786,-0.013306208753485538,-0.04046973689597955,-0.09716441761529859,True,False,False,False
ABS_ENTRY_FAST_RELOCK_WITH_VIX,8,2018-11-27,2019-01-08,27,-0.0816298377479007,1.0300000000000002,0.11000000000000032,2.487153282082807,2.185004418733136,0.019999999999999574,2.318673500838969,0.018980644035736738,-0.022163211046602793,-0.04349359184932744,-0.15607447747426728,0.0025058161554201153,0.05206996782040019,-0.013510623931932142,0.12386783856146688,-0.02125363921893575,True,True,True,True
ABS_ENTRY_FAST_RELOCK_WITH_VIX,9,2019-01-28,2019-02-19,15,-0.0922363227729098,1.2300000000000004,0.09000000000000075,1.4492042114996562,2.611433069425166,-0.04000000000000048,1.9030351457044228,0.029443982572217475,0.06438855870505678,0.043607723738566806,-0.010838736026719364,0.0013975579307410335,0.01777959784289629,-0.021253639218935638,0.02645563844362986,-0.04479180168549535,False,False,False,False
ABS_ENTRY_FAST_RELOCK_WITH_VIX,10,2020-03-16,2020-04-07,16,-0.2910978512112505,1.1099999999999999,0.2999999999999998,5.27183052391418,2.3462869416175183,0.7800000000000002,5.641338517624506,0.059142569155753666,-0.08940713325837601,-0.010777125517919761,-0.112891625859458,4.639419069651929e-05,0.08505263445233702,-0.047446260657181494,0.19779521250903076,-0.06989506372506638,True,True,True,True
ABS_ENTRY_FAST_RELOCK_WITH_VIX,11,2020-04-08,2020-04-27,12,-0.1853124632037285,1.8900000000000001,0.7800000000000002,4.608370976052286,5.299654383612866,-0.31999999999999984,2.3565309593383663,0.05657951053380894,0.030945650031906746,0.0672877907065923,-0.047446260657181494,7.572924536281e-05,0.057411883027371324,-0.039596086224793825,0.13096151904490627,-0.0698950637250666,False,False,False,False
ABS_ENTRY_FAST_RELOCK_WITH_VIX,12,2022-02-28,2022-04-11,30,-0.0859935276062733,0.77,0.1299999999999999,4.676643535211978,3.4879801505541446,-0.03000000000000025,2.812649498667987,-0.017557113771302868,-0.0017533385312519245,0.02560914370511247,-0.04941900840318236,0.0005721241486391637,-0.10722392161525762,-0.11749510619128278,-0.13514629401257217,-0.17614160547941304,True,False,True,True
ABS_ENTRY_FAST_RELOCK_WITH_VIX,13,2022-04-25,2022-08-08,72,-0.1002044733575157,0.9000000000000004,0.03000000000000025,0.43882174495553167,2.665745112281758,-0.04999999999999982,1.8227208232767271,0.037006755527130286,0.05067206703003846,-0.0253121112211665,-0.14545758075080395,0.00446258778891484,-0.03682903116248748,-0.09062131183276678,-0.08497544223264009,-0.16680303676492425,True,True,False,False
HYBRID_BEST_EFFORT,1,2007-11-19,2008-11-04,242,-0.0812884391465462,0.9299999999999997,0.09999999999999964,1.8076653110097796,0.669724604757627,0.9400000000000004,4.065059467964777,0.06797013724680112,-0.08498702098431643,-0.319773932633602,-0.4362772091003716,0.016968993927627407,-0.1504831706494184,-0.21561521545836726,-0.15091613202457088,-0.21561521545836726,True,True,True,True
HYBRID_BEST_EFFORT,2,2008-11-07,2009-04-29,117,-0.3874541050214933,2.96,0.33999999999999986,0.9281292988622423,3.4611901607878957,-0.13000000000000078,0.771635045261316,0.031023045311253883,0.10110710527741484,-0.04378032318024816,-0.27131705636851244,0.0007459023841027701,0.05881657085284275,-0.046246796787841715,0.12371647010016207,-0.06965913713674432,False,True,False,False
HYBRID_BEST_EFFORT,3,2018-03-20,2018-11-08,163,-0.0507525410358691,0.7799999999999998,0.10999999999999988,3.780752081116747,3.764530840996336,0.009999999999999787,1.1797080221442986,0.025428962507538344,-0.006906580160355169,0.048281131433858926,-0.09716441761529893,0.012773260921465246,-0.05835989781084905,-0.05631946191038828,-0.017109654697988752,-0.1560744774742674,True,True,True,True
HYBRID_BEST_EFFORT,4,2018-11-13,2019-01-08,36,-0.0691068030837174,0.9700000000000006,0.040000000000000036,0.727457795630041,1.692862986390906,0.019999999999999574,2.318673500838969,0.018980644035736738,-0.022163211046602793,-0.06128522165424766,-0.15607447747426717,0.003334703125495775,0.05206996782040019,-0.013510623931932142,0.12386783856146688,-0.02125363921893575,True,True,True,True
HYBRID_BEST_EFFORT,5,2019-01-28,2019-03-12,30,-0.0922363227729098,1.2300000000000004,0.09000000000000075,1.4492042114996562,2.611433069425166,-0.1200000000000001,0.9030353696285031,0.006454819309696935,0.041870116257711754,0.04763363016122346,-0.021253639218935638,0.0028153358753815194,0.03602944815361053,-0.019983887818669666,0.03822144771436009,-0.06618391134354007,False,False,False,False
HYBRID_BEST_EFFORT,6,2020-03-09,2020-04-07,21,-0.1894840808657809,0.9200000000000004,0.08000000000000052,1.8420442555348961,-0.13880082436052166,0.7800000000000002,5.641338517624506,0.059142569155753666,-0.08940713325837601,-0.10435860435029654,-0.2224498819833104,0.00011611500897212856,0.08505263445233702,-0.047446260657181494,0.19779521250903076,-0.06989506372506638,True,True,True,True
HYBRID_BEST_EFFORT,7,2020-04-08,2020-06-04,39,-0.1853124632037285,1.8900000000000001,0.7800000000000002,4.608370976052286,5.299654383612866,-0.1599999999999997,0.989036827525325,0.04951083652168098,0.101408209617039,0.17746004919882408,-0.047446260657181494,0.00021137585399588765,0.022756051696761315,-0.0698950637250666,0.153887023904826,-0.0698950637250666,True,True,False,False
HYBRID_BEST_EFFORT,8,2022-02-15,2023-01-19,232,-0.0661698240827547,0.6800000000000002,0.040000000000000036,2.0388825493149927,0.11148808224893161,-0.040000000000000036,0.6348922650857902,0.005057108471890226,-0.0051865796778213236,-0.09379693918214127,-0.2209482591947477,0.021923442350239686,0.04791064789369259,-0.023249714144736977,0.06384304814827435,-0.07538734629312283,False,True,False,False
HYBRID_BEST_EFFORT,9,2025-03-17,2025-03-25,6,-0.0746904654603005,0.6400000000000006,0.040000000000000924,1.9862492880202962,-0.7705955140267547,0.05000000000000071,-0.7318561503080323,0.009503010524428479,-0.021394928026689075,0.023092937805835767,-0.010808446655089288,0.0009789063493104155,-0.049994850603122365,-0.12682242301657587,0.05813561794908195,-0.12682242301657587,True,False,True,True
HYBRID_BEST_EFFORT,10,2025-03-26,2025-04-25,21,-0.0695504731805428,0.6400000000000006,0.05000000000000071,2.2040406748361487,-0.725482348710692,0.09999999999999964,1.7017543485847704,0.029888223299008088,-0.018845262817579034,-0.049994850603122365,-0.12682242301657587,0.0034416384613613626,0.07356887283705582,-0.02646041269613264,0.16014618858273533,-0.02646041269613264,True,True,True,True
HYBRID_BEST_EFFORT,11,2025-04-28,2025-06-11,31,-0.0985804836274187,0.7599999999999998,0.07999999999999918,2.5571984623298,1.6937432781653847,-0.019999999999999574,0.7319409489255619,0.015436072785495858,0.06661373427227746,0.09523458765002935,-0.02646041269613264,0.005125217941359228,0.0420664538483464,-0.012775302873934469,0.09680407054048756,-0.024140684870573748,False,True,False,False
