date,strategy_return,spy_return,strategy_nav,spy_nav,strategy_drawdown,spy_drawdown
2024-12-13,-0.006511466885277786,-0.00019862181953211877,0.9934885331147222,0.9998013781804679,0.0,0.0
2024-12-16,-0.000626384294299815,0.004269983555946322,0.9928662275010122,1.004070513624511,-0.0006263842942998421,0.0
2024-12-17,-0.003126677785375957,-0.004120052972255928,0.9897618547236346,0.9999336899204977,-0.003751103577817716,-0.004120052972255928
2024-12-18,-0.011735991790873954,-0.029803576519657926,0.978146017721678,0.9701320896783683,-0.015443072447895667,-0.033800837177890175
2024-12-19,-0.0013621272937028306,-0.0003069993520904424,0.9768136583337126,0.9698342597553948,-0.01678416431111851,-0.03409745969486688
2024-12-20,0.006592054257559346,0.012010996856451017,0.9832528669689734,0.9814829360005953,-0.010302752175365915,-0.02249600731962398
2024-12-23,-0.0030465050522860792,0.005988323763746806,0.9802573821420776,0.9873603735899597,-0.013317869841097396,-0.016642396931098702
2024-12-24,0.0024720337124282147,0.011114857203426531,0.9826806114375894,0.9983347431507339,-0.010878758351894002,-0.00571251759308411
2024-12-26,0.0016358007658112176,6.672962043419162e-05,0.984288081134327,0.9984013616492106,-0.009260753067325878,-0.0056461691667807345
2024-12-27,-0.001867973631044511,-0.010526616031051095,0.9824494569534167,0.9878915738702507,-0.011111427855836964,-0.016113350142966776
2024-12-30,0.003886440375906317,-0.011411505727450755,0.9862676881902076,0.97661824351693,-0.007268171381783595,-0.02734097828297255
2024-12-31,0.0027052682456457974,-0.0036379453309209886,0.9889358068487751,0.9730653597378354,-0.004582565489380741,-0.030879458629606282
2025-01-02,0.007277417934773574,-0.002457149123817226,0.9961327060258762,0.9706743930417386,0.0,-0.03326073231870774
2025-01-03,-0.004568287360037019,0.01250336668616514,0.9915820855760188,0.9828110909108103,-0.004568287360037004,-0.021173236764973846
2025-01-06,-0.0002363538253956761,0.00576066668960995,0.9913477213568991,0.9884727380243994,-0.004803561453239569,-0.015534542035107068
2025-01-07,0.0012744466730680427,-0.011304119376359778,0.992611141162236,0.9772989241934944,-0.003535236663084418,-0.026663057093844977
2025-01-08,0.0018190935687278395,0.0014610443232185855,0.994416793705372,0.978726801238775,-0.0017225740206342488,-0.025240968678832965
2025-01-13,-0.0017179351217384352,0.0015505471876331445,0.9927084501698189,0.980244363327897,-0.003437549871962875,-0.023729558804197803
2025-01-14,0.0016375339770547618,0.0013759292368293874,0.9943340439862812,0.9815931102066371,-0.0018056449996214363,-0.02238627976110419
2025-01-15,0.011198569210911778,0.018189978739041157,1.0054691625966274,0.9994482680116851,0.0,-0.0046035069749637
2025-01-16,0.0018352578704099417,-0.0019231741492636845,1.0073144577907374,0.9975261549391187,0.0,-0.006517827778617202
2025-01-17,-0.0026284501258823064,0.01004005829515453,1.0046667819773543,1.0075413756856488,-0.002628450125882309,0.0
2025-01-21,0.004753123045091118,0.009153272551911895,1.0094420868114082,1.0167636765046277,0.0,0.0
2025-01-22,0.00030696961675688984,0.00562167397124913,1.009751954861935,1.0224795903997455,0.0,0.0
2025-01-23,-0.0025114839340996172,0.005458021479211039,1.0072159790498736,1.0280603059662021,-0.002511483934099501,0.0
2025-01-24,0.002890516354613668,-0.0029192782547332596,1.0101273533099453,1.0250591118704406,0.0,-0.0029192782547331486
2025-01-27,-0.005050057205410454,-0.014145469544892042,1.0050261523909803,1.0105591694217633,-0.005050057205410408,-0.017023453237979824
2025-01-28,0.0030027013688659955,0.00859244878591836,1.0080439457945107,1.01924234733016,-0.0020625196502279675,-0.00857727760216831
2025-01-29,-0.0011433649833417145,-0.0044828171819780716,1.0068913836452198,1.0146732702229486,-0.00320352642082411,-0.01302164441673681
2025-01-30,0.005840948852607703,0.005366872073857998,1.0127725847172229,1.0201188918609982,0.0,-0.007724657842654747
2025-01-31,-0.0005525843626502318,-0.005321847914745659,1.0122129424239872,1.0146899742635551,-0.0005525843626502658,-0.013005396303168437
2025-02-03,0.004197263792007357,-0.006729649028744955,1.0164614671570247,1.007861466863775,0.0,-0.01964752357931332
2025-02-04,0.004751547686540836,0.0067084311270706465,1.0212912322897525,1.0146226360998591,0.0,-0.013070896510992025
2025-02-05,0.00228009724054895,0.004054500120593607,1.0236198756102932,1.018736423700283,0.0,-0.009069392341878535
2025-02-06,-0.0011261433939485134,0.003475614030269414,1.0224671328494603,1.0222771583076422,-0.0011261433939484533,-0.00562530001887851
2025-02-07,-0.0006571641597486826,-0.009153685448068716,1.0217952040952307,1.0129195547597485,-0.0017825674926198465,-0.014727493240023426
2025-02-10,0.009340977049950046,0.006791399663027331,1.0313397696464333,1.0197986962826175,0.0,-0.008036113869623662
2025-02-11,0.00016203468113442634,0.0007606343178343522,1.0315068824571492,1.0205743901682929,0.0,-0.007281592095780609
2025-02-12,-0.005777732025805638,-0.0032215948434023423,1.0255471121075375,1.0172865129756181,-0.005777732025805782,-0.01047972859963553
2025-02-13,0.007424440804777638,0.0105575681694563,1.0331612259338905,1.0280265846842267,0.0,-3.28008792672696e-05
2025-02-14,-0.0026332281340737266,-4.9152155779053075e-05,1.0304406767267273,1.0279760549613912,-0.0026332281340736285,-8.195142281242074e-05
2025-02-18,0.0072348723977859065,0.00293586851761396,1.0378957835363334,1.0309940574980134,0.0,0.0
2025-02-19,0.003191986446146626,0.002354943061535275,1.0412087328098942,1.0334219898002024,0.0,0.0
2025-02-20,0.001365461131655635,-0.004160464644991091,1.0426304628644865,1.0291224741482823,0.0,-0.004160464644991091
2025-02-21,-0.0021064082357501327,-0.017104082781476126,1.0404342574706646,1.0115202781581725,-0.0021064082357502567,-0.021193386494769983
2025-02-24,0.0014141478349401825,-0.004550479994154144,1.0419055853232644,1.0069173753687324,-0.0006952391734561525,-0.02564742640767137
2025-02-25,-0.004123816111298377,-0.004973156979543036,1.0376089582840564,1.0019098171955942,-0.004816188246249964,-0.030493034709567768
2025-02-26,-0.0010062844595400602,0.0005049592500177003,1.0365648285142557,1.0024157408254708,-0.005817626250403496,-0.030003473199487707
2025-02-27,-0.004611816970202759,-0.01596213571403282,1.0317843812473984,0.9864150447285319,-0.010402613393138305,-0.045486689402417846
2025-02-28,-0.001987628133575653,0.015605610136830705,1.029733577583447,1.0018086533496697,-0.012369564999671012,-0.03059092680681652
2025-03-03,0.0029721947029043073,-0.017519874487343268,1.0327941462681431,0.9842570914826492,-0.009434135052336146,-0.04757485209605283
2025-03-04,0.0021712981007640762,-0.011836999522790603,1.0350366502364154,0.9726064407604658,-0.007283321271093546,-0.0588487081172856
2025-03-05,-0.002549176440532772,0.010748024045604376,1.0323981591925449,0.983060038172669,-0.009813931240633122,-0.04873319140157861
2025-03-06,-0.0032434458047768183,-0.01775120719359835,1.0290496317142523,0.9656095357513192,-0.013025546091299356,-0.06561932561740214
2025-03-07,0.0024782985432626682,0.005604862997103277,1.031599923917475,0.9710216449079019,-0.010579528739939836,-0.0603822499503468
2025-03-10,-0.0016824655435812566,-0.026635555869501948,1.0298642925907227,0.9451579436344618,-0.012244194590948831,-0.08540949102776996
2025-03-11,0.009866739473181436,-0.008312737519212798,1.0400256952584477,0.9373010937348296,-0.0024982653958551815,-0.09301224186641932
2025-03-12,0.0036868908318744677,0.005306329122947595,1.04386015645921,0.9422747218254853,0.0,-0.08819946631127817
2025-03-13,0.016131022740750334,-0.013330418660348009,1.0606986883812166,0.9297138052904886,0.0,-0.10035414916007768
2025-03-14,-0.00024127672081060149,0.02065582868057092,1.0604427664799159,0.9489178143745306,-0.00024127672081064588,-0.08177121859194181
2025-03-17,0.006383901580050733,0.0077111050893314825,1.0672125287324004,0.9562350193623114,0.0,-0.0746906599624555
2025-03-18,0.010504760258975444,-0.010808229478246001,1.078423340492109,0.9458998118379085,0.0,-0.08469161564794558
2025-03-19,0.0036597099116491005,0.0108906737410297,1.0823700570802617,0.9562012980803365,0.0,-0.07472329066153838
2025-03-20,-0.0009663137678164736,-0.0028915839446995717,1.0813241479922326,0.9534363617589064,-0.000966313767816529,-0.077398805938666
2025-03-21,-0.007839706095710174,0.000329920251935123,1.0728468844777794,0.9537509197235821,-0.008798444247590687,-0.07709442112028564
2025-03-24,-0.004231674695171473,0.01790844377492129,1.0683069454649412,0.9708311144447312,-0.012992886788882774,-0.060566618451357135
2025-03-25,0.0015992666136299843,0.0024037742901859005,1.0700154530959323,0.973164773317746,-0.011414399265308961,-0.05830843264144814
2025-03-26,-0.0015959438481420608,-0.0119382342651847,1.0683077685161468,0.9615469042752534,-0.012992126373163382,-0.06955056717812347
2025-03-27,0.0042196369199200764,-0.0026557520973764515,1.072815639418015,0.9589932740674986,-0.008827311509355784,-0.07202161021084286
2025-03-28,0.004232783286977659,-0.020138286127721727,1.077356635526552,0.9396807931197666,-0.004631892319003739,-0.09070950454475946
2025-03-31,0.009667833851821895,0.006712883545730408,1.0877723404779807,0.9459887608541392,0.0,-0.08460554333952885
2025-04-01,0.0010238729995556376,0.002824358391568138,1.0888860812070593,0.9486605721491868,0.0,-0.08202014132426494
2025-04-02,0.0022594851383216626,0.006328434817011397,1.091346403124872,0.9546641087435016,0.0,-0.07621076562530615
2025-04-03,-0.01102545425841756,-0.049280806450378245,1.0793138132771303,0.9076174915753903,-0.01102545425841761,-0.12173584408546856
2025-04-04,-0.024903769427685334,-0.05854295896778716,1.0524348309311609,0.8544828780076463,-0.03565464831541576,-0.17315202652805117
2025-04-07,-0.02190034410463251,-0.0017811321197329644,1.0293861459860678,0.8529609311078651,-0.0567741433530109,-0.1746247520117381
2025-04-08,0.00411418148014765,-0.01566283611567232,1.0336212274038044,0.8396011438308513,-0.05289354100199728,-0.18755246925491076
2025-04-09,0.03626006806484703,0.10501934995636097,1.0711004034627372,0.9277755101785844,-0.018551396334073322,-0.10222975770241083
2025-04-10,0.020981989169183677,-0.04381899412347667,1.0935742205273005,0.8871213205501635,0.0,-0.1415691466738811
2025-04-11,0.019313092403557497,0.01784282319934194,1.1146945204984926,0.9029500694291068,0.0,-0.12625231672912285
2025-04-14,-0.005249403351643789,0.009701320140789838,1.1088430393465287,0.911709877123787,-0.005249403351643922,-0.11777581073143861
2025-04-15,0.004176411772670197,-0.0028006951238727096,1.113474024470099,0.9091564557165399,-0.0010949152489310165,-0.12024665171648563
2025-04-16,0.030740444406388456,-0.022228145001581212,1.1477027108172795,0.888947594189749,0.0,-0.1398019367077582
2025-04-17,-0.0034614263313586854,0.0014268092873082061,1.1437300224334848,0.8902159528730692,-0.003461426331358708,-0.13857459812212825
2025-04-21,0.027766978081330707,-0.023802760939665046,1.1754879488973553,0.8690263553621554,0.0,-0.15907890103038214
2025-04-22,-0.011461796658940548,0.02601794068155061,1.1620147450520588,0.8916366315266722,-0.011461796658940426,-0.13719986575952625
2025-04-23,-0.021617829369052877,0.015495353934636524,1.1368945085692,0.905452856713265,-0.03283184686355756,-0.12383047230461819
2025-04-24,0.014138842601714875,0.02104890187237274,1.1529688810806138,0.9245116450442821,-0.01915720857697023,-0.10538806589259497
2025-04-25,-0.0015924465254224997,0.0072253777163768795,1.1511328397920169,0.9311915908829159,-0.020719148272157373,-0.0989241567590905
2025-04-28,0.0034418159419657875,0.00038130205064490497,1.1550948271513335,0.9315466561460629,-0.01734864382501855,-0.0985805746922761
2025-04-29,-0.005467379961064544,0.006299228306147819,1.148779484840237,0.9374146812109555,-0.02272117215848246,-0.09290232793266628
2025-04-30,-0.00761627348849757,0.0003970354979805357,1.1400300661057186,0.9377868681157243,-0.03016439498584167,-0.09254217795672004
2025-05-01,-0.00606448717012207,0.007086914929300692,1.133116368396267,0.9444328838718757,-0.0360459505695776,-0.08611110156997093
2025-05-02,-0.0008067254544330377,0.014844129127253636,1.132202254579047,0.9584521675520944,-0.03682359683815695,-0.07254521675371195
2025-05-05,0.005855040405894744,-0.0057344033922135385,1.1388313445272527,0.9529560161912093,-0.031184160079639867,-0.07786361660888408
2025-05-06,0.013690459469582712,-0.008358212160090583,1.1544224688921936,0.9449910076286484,-0.017920626089720337,-0.08557102814180573
2025-05-07,-0.007118574868174129,0.00420532643010918,1.146204626117882,0.9489650032892447,-0.024911631639390253,-0.0817255558179929
2025-05-08,-0.004508660548254874,0.006967901293785772,1.1410367785398772,0.9555772977634213,-0.029307974096879907,-0.07532711013032667
2025-05-09,0.004770360363008762,-0.0012741154091596707,1.146479935160959,0.9543597820036978,-0.02467742333182299,-0.07650525010774178
2025-05-12,-0.008374322842056697,0.03304728894130027,1.1368789420519807,0.9858987854735303,-0.03284508946398901,-0.04598625227227848
2025-05-13,0.005841892644970255,0.006603941016484205,1.1435204667817755,0.9924096029010209,-0.02719507430558199,-0.03968600175336956
2025-05-14,-0.009042223026809704,0.0012779544649297314,1.1331804996854131,0.9936778571840874,-0.035991393405290006,-0.03845876419157579
2025-05-15,0.0039991359146366616,0.004884447976478912,1.137712242519471,0.9985314249828822,-0.03213619196463824,-0.03376216604803017
2025-05-16,-0.004474287332721842,0.006334078244299102,1.1326217910444836,1.0048562011581152,-0.03646669274073078,-0.02764194000517628
2025-05-19,0.002964836657308367,0.001093917986384696,1.1359798296494383,1.0059554314302923,-0.03360997387083109,-0.026578260034141876
2025-05-20,0.008796098953785306,-0.0033623352652387695,1.145972020640539,1.0025730720079358,-0.02510951157304775,-0.029851230278379104
2025-05-21,-0.0011390180487084807,-0.01685069102724135,1.1446667378257145,0.9856790229392979,-0.026219929434880274,-0.046198907447416504
2025-05-22,-0.002629323899110923,0.0003946470773714683,1.1416570382154319,0.9860680182849272,-0.02878031264689518,-0.04582249263384697
2025-05-23,0.009119755135462787,-0.006825781018315102,1.1520686708526342,0.9793373339229503,-0.01992302691549419,-0.0523354993517301
2025-05-27,-0.005935402009264698,0.020790561118512407,1.1452306801488445,0.9996983066195164,-0.025740177750774085,-0.03263302263115764
2025-05-28,-0.0027929131443045867,-0.005785415081261958,1.1420321503289959,0.9939146369596878,-0.028461200814301924,-0.038229642131142105
2025-05-29,0.0016746933523821201,0.0039473827948730555,1.1439447039793584,0.997837998497195,-0.026834171245724292,-0.03443316636787175
2025-05-30,-0.003085508309490243,-0.0011184568183596477,1.1404150530896326,0.9967219597841575,-0.029836882496857675,-0.035513111176529555
2025-06-02,0.012732459179991442,0.005633006470431523,1.1549353412013443,1.0023365010328429,-0.01748432020531554,-0.030080150291140417
2025-06-03,-0.0005387883993618211,0.005702485631296383,1.154313075437492,1.0080523105277066,-0.01801368825578009,-0.024549196284666452
2025-06-04,0.0034048790845432053,-0.0002683402981673577,1.1582433718850638,1.0077818094701314,-0.01467014360161456,-0.024810949044182906
2025-06-05,-0.0009614870017074669,-0.004832872149647116,1.1571297359381825,1.0029113288302223,-0.015617525450935865,-0.02952391304918811
2025-06-06,-0.004098565499321473,0.010268979858962801,1.1523871639242271,1.0132102050663054,-0.019652081499259455,-0.019558113658685206
2025-06-09,0.0022891928025788578,0.0009012828881442836,1.1550252003256667,1.0141233940862249,-0.017407876100204445,-0.01867445816370583
2025-06-10,-1.0520907964855727e-05,0.005669767615193333,1.155013048411837,1.019873238063825,-0.01741821386150688,-0.013110570386640319
2025-06-11,0.008513836632741502,-0.0028520166647609813,1.1648466408147002,1.0169645425929232,-0.009052673056016425,-0.015925195486173993
2025-06-12,0.005038708043561898,0.003974123438458488,1.1707159629532893,1.021006085217723,-0.004059578788997653,-0.01201436074035922
2025-06-13,0.012351125110053157,-0.011179963287322514,1.1851756222800618,1.009591274668856,0.0,-0.023060003915683747
2025-06-16,-0.005670325063652543,0.009514299887150468,1.1784552912442172,1.019196828819506,-0.005670325063652504,-0.01376510382118612
2025-06-17,0.00919640336636381,-0.008545236528975764,1.1892928414517248,1.0104875508476612,0.0,-0.02219271428216396
2025-06-18,-0.00030667887456267684,-0.00015063576973428638,1.1889281104615828,1.0103353352776323,-0.00030667887456281573,-0.022340007035299814
2025-06-20,0.0018769034858726803,-0.002348536060589046,1.1911596137765603,1.0079625263094454,0.0,-0.024636076783772776
2025-06-23,-0.010156568270527078,0.009877480504495662,1.179061519838144,1.017918656512329,-0.010156568270527133,-0.015001938647416169
2025-06-24,-0.010846361270701639,0.011047208993087754,1.166272992633597,1.0291638166487838,-0.02089276773249593,-0.00412045920586801
2025-06-25,0.0005155788646081015,0.0005603646306042709,1.1668742983389622,1.0297405236507315,-0.02038796073735394,-0.0035624035348643668
2025-06-26,0.0023587071407048144,0.007823881259497956,1.1696266130787591,1.037797091235868,-0.018077342825224774,0.0
2025-06-27,-0.007537607458725832,0.0049683312642012645,1.1608104267960926,1.0429532109701523,-0.025478690369837076,0.0
2025-06-30,0.0049294724438064446,0.004781205589738269,1.166532609807467,1.0479397846922782,-0.02067481442811303,0.0
2025-07-01,0.003505503738100606,-0.0003236793082248557,1.1706218942317634,1.0476005882677077,-0.017241786329274755,-0.0003236793082248557
2025-07-02,0.005950292280122481,0.0045332765158159205,1.177587436651953,1.0523496514124566,-0.011394087717242929,0.0
2025-07-03,-0.0034484777657492528,0.007881385954874975,1.173526552559433,1.0606436251747164,-0.014803273224838431,0.0
2025-07-07,-0.0013423606976757936,-0.007451918652258582,1.1719512566375982,1.052739795160878,-0.016125762590340154,-0.007451918652258471
2025-07-08,-0.002524288242662456,-0.0005478153334741442,1.1689929138594943,1.0521630881589303,-0.018609344760091906,-0.00799565171043115
2025-07-09,0.0027630208677063843,0.005996626767211355,1.172222865674689,1.058472517496856,-0.01589774190029214,-0.0020469718822878624
2025-07-10,-0.0005872649830221089,0.0028203102183428364,1.1715344602333804,1.0614577383537873,-0.01647567069618705,0.0
2025-07-11,0.005004089163807908,-0.0035154238705955576,1.1773969231308619,1.05772626448275,-0.011554027257576371,-0.0035154238705955576
2025-07-14,-0.003889390521425863,0.0019081172266208757,1.1728175666980807,1.059744530189059,-0.015398479654902264,-0.0016140144848210136
2025-07-15,-0.0033091938155118492,-0.00427316705062708,1.1689364860596396,1.0552160647805728,-0.018656716916771954,-0.005880284581932238
2025-07-16,0.0029386416156989823,0.0033431911185151097,1.1723715714636833,1.0587438537564617,-0.01577290070581694,-0.0025567523786057533
2025-07-17,0.0018355266965485353,0.006119591369857513,1.1745234907813795,1.0652229335067995,-0.013966325589595985,0.0
2025-07-18,0.002402985880267665,-0.0007323149660010131,1.1773458541457698,1.064442854810465,-0.011596900592519388,-0.0007323149660010131
2025-07-21,0.005009362537568537,0.001896175165666536,1.183243606361289,1.0664612249170278,-0.0066456311343311425,0.0
2025-07-22,0.003237756414515089,0.0001431211632245688,1.1870746609377194,1.0666138580880717,-0.003429391654649505,0.0
2025-07-23,-0.005769266843626584,0.008507541122114937,1.180226110455462,1.0756881193471737,-0.009178873422709177,0.0
2025-07-24,-0.002025798329269972,0.00033105252282705777,1.1778352103727407,1.0760442286128586,-0.011186077205534772,0.0
2025-07-25,-0.004943682022643153,0.004224252618048929,1.1720123676175849,1.080589711262713,-0.016074458819393067,0.0
2025-07-28,0.0006037043730882088,-0.0002511001694515125,1.172719916609229,1.0803183750031073,-0.015480458667389119,-0.0002511001694515125
2025-07-29,0.007526232419495234,-0.0026375522185667633,1.181546079264601,1.0774689788763594,-0.008070735777785165,-0.002887990098209281
2025-07-30,-0.006944156279011739,-0.001259331011043141,1.173341238639334,1.0761120887778235,-0.014958847606269421,-0.004143684173762097
2025-07-31,-0.0004722187799736481,-0.0037512265266995692,1.172787164871131,1.072075348564698,-0.015424002537476666,-0.0078793668024707
2025-08-01,0.005248300941462891,-0.016390369519761472,1.1789423048526597,1.0545036374486956,-0.01025665140305232,-0.02414059058875806
2025-08-04,0.0010390041360737589,0.01519971367995021,1.180167230783594,1.0705317908123817,-0.009228303970208573,-0.009307806973821942
2025-08-05,-0.0028056062088707002,-0.005069869050569054,1.1768561462734017,1.0651043348184916,-0.0120080191921631,-0.014330486661885744
2025-08-06,-0.0016191195984987957,0.007659581475386812,1.1749506754223566,1.0732625882508215,-0.013607696371448763,-0.006780670716667658
2025-08-07,0.003112041618203349,-0.0008376240775045396,1.1786071708236072,1.0723635976654178,-0.010538002470681263,-0.0076126151411183285
2025-08-08,-0.0009836218683609392,0.007797670813968871,1.177447867036178,1.080725535992896,-0.011511258929363222,0.0
2025-08-11,-0.0034994759115333316,-0.001977539647394999,1.1733274165883987,1.0785883583975178,-0.014970451467561818,-0.00197753964739511
2025-08-12,-0.0016466276954954953,0.010646114455700184,1.1713953831683601,1.0900711335116036,-0.016592428403056636,0.0
2025-08-13,0.0018499605531834178,0.0034230513551560815,1.1735624184194027,1.093802502982387,-0.014773163187900451,0.0
2025-08-14,-0.0017726234457827957,9.306090191762983e-05,1.171482134161423,1.0939042932298344,-0.016519599378247984,0.0
2025-08-15,-0.0016484822349262787,-0.002341289856780615,1.1695509666747244,1.0913431462038066,-0.018140849347071053,-0.002341289856780615
2025-08-18,-0.0005274500297899195,-0.00021763143719111255,1.168934086982511,1.0911056356264295,-0.01865873098533255,-0.002558411755695489
2025-08-19,-0.0030141486511272592,-0.005425130066677664,1.165410745880976,1.085186245636671,-0.021616639447628594,-0.007969662105834385
2025-08-20,0.006971125118766831,-0.0026570836306466505,1.1735349700052675,1.082302815027187,-0.014796206627098463,-0.010605569677757831
2025-08-21,-0.0002649620561656946,-0.004011822287558586,1.1732240277666326,1.0779608084719734,-0.01505724824993282,-0.014574844304511059
2025-08-22,0.006550174974499085,0.0153567897013831,1.1809088504327907,1.0945148259140105,-0.008605700886105128,0.0
2025-08-25,0.00010580112957608769,-0.004401062092461827,1.1810337919230929,1.089697798204043,-0.008500810249403634,-0.004401062092461716
2025-08-26,0.0006658676410640661,0.004187036349890816,1.1818202041081376,1.0942604024955194,-0.007840603022807535,-0.00023245314953013185
2025-08-27,0.0016100395367601049,0.0022785132820093423,1.1837229813620938,1.0967536893565824,-0.0062431871669060834,0.0
2025-08-28,0.005029280777431462,0.003541362732142783,1.189676256598062,1.1006376919984098,-0.0012453051306828833,0.0
2025-08-29,0.002823253250782636,-0.0059636816039791984,1.1930350139568815,1.0940738392419926,0.0,-0.0059636816039793095
2025-09-02,0.010552542488173116,-0.007410295555874247,1.2056245666315397,1.0859664287332593,0.0,-0.013329784516566967
2025-09-03,0.0006238605951458974,0.005419655849209892,1.206376708291201,1.091851993040789,0.0,-0.007982371511981112
2025-09-04,-0.001750993352368853,0.008357264025116162,1.2042643506945305,1.1009768884229802,-0.0017509933523687238,0.0
2025-09-05,0.002947952665461733,-0.002896148488535144,1.207814464997081,1.0977882958716618,0.0,-0.002896148488535255
2025-09-08,0.006575846713052566,0.002456541908713472,1.2157568677767094,1.1004850588273658,0.0,-0.0004467210899575802
2025-09-09,-0.0006834078240829605,0.0023119206976098816,1.2149260100210884,1.1030292930122791,-0.0006834078240828267,0.0
2025-09-10,0.004259663453716804,0.0028908542790047065,1.2201011859449453,1.1062179899638511,0.0,0.0
2025-09-11,-0.0022713599555053304,0.008310264731785644,1.2173298969695254,1.1154109543115145,-0.0022713599555053143,0.0
2025-09-12,0.0012993402375549123,-0.0003347065098450175,1.2189116226870365,1.115037619003954,-0.0009749709873345669,-0.0003347065098450175
2025-09-15,0.006426801510846538,0.005323952420932088,1.22674532574531,1.1209740262350805,0.0,0.0
2025-09-16,0.004129111886974943,-0.0013768859187989202,1.2318106944521359,1.119430572883018,0.0,-0.0013768859187989202
2025-09-17,-0.0064152588631865345,-0.0012423421464923257,1.2239083099767838,1.1180398571022534,-0.0064152588631866125,-0.0026175175018834373
2025-09-18,-0.0038641301993111573,0.004672538520265945,1.2191789689150145,1.1232639414017562,-0.010254599666988162,0.0
2025-09-19,0.0001094405146994863,0.004952781371340809,1.2193123964888835,1.1288272221258298,-0.010146281420954195,0.0
2025-09-22,0.00406444329684833,0.004731100453688075,1.2242682225855568,1.1341678171085647,-0.006123077109615238,0.0
2025-09-23,0.005613010056083636,-0.005443566388828813,1.2311400524302731,1.127993899300061,-0.000544435946921995,-0.005443566388828924
2025-09-24,-0.001370090682958034,-0.003181633452613686,1.2294532789150219,1.1244050361757039,-0.0019137807032617582,-0.008607880408518342
2025-09-25,0.0025769843148655976,-0.0046134974884720625,1.2326215607306459,1.119217596365282,0.0,-0.013181665462344672
2025-09-26,0.0015121428358722169,0.005729144366994232,1.2344854605930464,1.1256297555529389,0.0,-0.00752804075978164
2025-09-29,0.0029466839507039364,0.0028103664411398555,1.2381230990871535,1.1287931876430932,0.0,-0.004738830871760746
2025-09-30,0.0008659989096308615,0.0037668667591119753,1.2391953123409518,1.133045201179538,0.0,-0.0009898146571366562
2025-10-01,0.0012599259534855948,0.0034074772846366397,1.2407566066764077,1.1369060269650237,0.0,0.0
2025-10-02,-0.002632374824887278,0.001151803537192908,1.2374904702211802,1.138215519348338,-0.002632374824887318,0.0
2025-10-03,0.002561328837328542,-1.4767362221612679e-05,1.240660090248477,1.1381987109074776,-7.77883651083e-05,-1.4767362221612679e-05
2025-10-06,0.007567864773001502,0.003586228910336109,1.2500492380407373,1.1422805520302413,0.0,0.0
2025-10-07,0.0037386808830737464,-0.003707492250961897,1.2547227732299011,1.1380455557351647,0.0,-0.003707492250961786
2025-10-08,0.005420754597960654,0.005963052412792269,1.2615243174720532,1.1448317810321589,0.0,0.0
2025-10-09,-0.00859104766697333,-0.0028970083792374535,1.2506865019276048,1.1415151937696915,-0.008591047666973384,-0.0028970083792373424
2025-10-10,-0.0008758386398234931,-0.02702782789908964,1.249591102362911,1.1106625175682883,-0.009459361935293509,-0.029846536434430804
2025-10-13,0.011298560213037084,0.015344074693208754,1.2637096826746337,1.1277046061968035,0.0,-0.014960429225605476
2025-10-14,-0.00018865978370933211,-0.0012216548034567065,1.2634712714792289,1.126326940447763,-0.0001886597837092996,-0.01616380754883684
2025-10-15,0.005828088520307061,0.004439523175783,1.2708348938922747,1.1313272950033895,0.0,-0.011796043971275871
2025-10-16,0.008319875121335125,-0.006810261153983976,1.2814080815092936,1.123622660673786,0.0,-0.018525970985231677
2025-10-17,-0.0065657479337969385,0.0056763938002961645,1.2729946790457733,1.130000785378707,-0.006565747933796939,-0.012954737891780477
2025-10-20,0.01442864542138596,0.010400475399621634,1.2913622678930359,1.1417533307485914,0.0,-0.002688997924910841
2025-10-21,-0.021611452091071254,-1.4904481475785936e-05,1.2634540541082484,1.1417363135072234,-0.021611452091071293,-0.002703862328266804
2025-10-22,0.004868335495851825,-0.0051989069274410715,1.2696049723272416,1.1358005326776197,-0.016848328394551193,-0.007888712127118613
2025-10-23,0.004971276024565582,0.005929891190499692,1.275916529086841,1.1425357062505095,-0.011960810060987592,-0.0020056001411660196
2025-10-24,-0.0005035491777150231,0.008172571104630766,1.2752740423677864,1.1518731605494212,-0.012458336382631607,0.0
2025-10-27,-0.008999072596410227,0.011797712023148943,1.2637977586802012,1.1654626283847778,-0.021345295505504014,0.0
2025-10-28,-0.004544407407412635,0.002655998956591077,1.2580545467841833,1.1685580959097137,-0.025792701193908085,0.0
2025-10-29,-0.002121771255765178,0.0004803870398957244,1.2553852428086318,1.1691194560743539,-0.027859746237671623,0.0
2025-10-30,0.005440099246114259,-0.010998143937076876,1.2622146631216182,1.156261312016811,-0.022571206776061614,-0.010998143937076876
2025-10-31,0.0006532259682356125,0.0032800997320787673,1.263039174517057,1.1600539644365704,-0.021932724906226553,-0.0077541192139795045
2025-11-03,0.0029291743525564056,0.0018767772528909266,1.2667388364733263,1.1622311273291508,-0.019067795328947312,-0.0058918947156456625
2025-11-04,-0.00603651739558617,-0.011853539942447533,1.2590921454512904,1.1484545742389989,-0.024989209646334776,-0.01767559484874459
2025-11-05,-0.0004636730966531559,0.003465389196996238,1.2585083382972373,1.1524344163138076,-0.025441295918768425,-0.014271458467187692
2025-11-06,0.002263668483927405,-0.010729333212666003,1.2613571839594007,1.1400695634554325,-0.023235218094602494,-0.024847668446528526
2025-11-07,0.002358974466176506,0.0009845075813768034,1.2643326933490893,1.1411919705839513,-0.020931054914627212,-0.023887623583116913
2025-11-10,0.009691459107266452,0.015604343307994428,1.276585921944662,1.1589995218732698,-0.01144244827013774,-0.008656030954325655
2025-11-11,0.004561079029475107,0.0022892399865568347,1.2824085312225668,1.1616527499231424,-0.006933559151513502,-0.006386606699954389
2025-11-12,-0.0005041657396170438,0.0005564884786124491,1.2817619847769317,1.162299196294623,-0.007434229228152844,-0.005833672294387915
2025-11-13,-0.0049250061089501865,-0.016594019980226582,1.2754492991716853,1.1430119802083087,-0.012322621712739013,-0.022330888200003396
2025-11-14,-0.003885152614162413,-0.00016376876033719068,1.2704939839927767,1.1428247905532594,-0.016159899060940952,-0.022490999858462923
2025-11-17,-0.002602798594593055,-0.009316433429244597,1.2671871440368014,1.1321777394707795,-0.018720636692969306,-0.031597897384769036
2025-11-18,0.005404362197777717,-0.00839755277010068,1.2740354823355438,1.1226702171584404,-0.013417447596453469,-0.03973010514415676
2025-11-19,-0.00048372514253925997,0.00386320014283692,1.2734191993402508,1.1270073169017256,-0.013894682382241674,-0.03602039034918769
2025-11-20,-0.0008389282240932716,-0.015242245459799575,1.2723508920328221,1.1098291947425194,-0.01472195396511966,-0.05071360417772719
2025-11-21,-0.0016239065368332418,0.009961222976632822,1.2702847131021044,1.1208844508173266,-0.016321953424673907,-0.041257550720257274
2025-11-24,0.013487022158170459,0.014718507062180475,1.2874170711748978,1.1373821965225697,-0.003055065814006608,-0.027146293209721173
2025-11-25,0.0003778762743143483,0.009405991442055894,1.287903555541242,1.1480804037294077,-0.0026783439765799555,-0.01799563956927952
2025-11-26,0.005350599171236439,0.006903483450626968,1.2947946112381532,1.1560061577965428,0.0,-0.011216388718602532
2025-11-28,0.0070429360714379455,0.005458406338614941,1.303913766910746,1.1623161091357375,0.0,-0.0058192059872654855
2025-12-01,-8.892641477156361e-05,-0.004565505423429594,1.3037978145342832,1.1570095486357386,-8.892641477153962e-05,-0.010358143794200192
2025-12-02,-0.0027391747723094,0.001852299674079072,1.3002264844525186,1.159152677045583,-0.0028278576020891455,-0.008525030506495224
2025-12-03,0.002412015956385284,0.0034627677932603795,1.3033626514799328,1.163166553603128,-0.00042266248336253476,-0.005091782914309229
2025-12-04,-0.00011850358753079143,0.0007310561539983773,1.3032081983298789,1.1640168936702646,-0.0005411159838726309,-0.004364449139545146
2025-12-05,0.0010388360861900419,0.0018995368427094927,1.3045620180341226,1.1662279866453276,0.0,-0.002473202728774382
2025-12-08,-0.006088891697983452,-0.0030042775146746914,1.29661868119301,1.1627243141280648,-0.006088891697983545,-0.005470050056101683
2025-12-09,-0.00024287726462880917,-0.0008630551776172002,1.2963037619944553,1.1617208188886152,-0.0063302901092521235,-0.0063283842786960864
2025-12-10,0.004532623506584545,0.006632177546088913,1.3021794188977454,1.1694255576184722,-0.0018263594244202208,0.0
2025-12-11,0.002135267071383739,0.002326948130527251,1.3049599197319512,1.1721467502335634,0.0,0.0
2025-12-12,-0.0029086031760595984,-0.01075196892753394,1.3011643091647884,1.1595438647965421,-0.0029086031760595654,-0.01075196892753405
2025-12-15,-0.0012648076968433866,-0.0015108877827512135,1.299518586531699,1.1577919241376569,-0.004169732049218777,-0.012246611691792197
2025-12-16,-0.002612794981878158,-0.00273229759527871,1.2961232108899514,1.1546284920475025,-0.0067716323761231045,-0.014945447899395004
2025-12-17,0.006335038592065908,-0.011003620102041367,1.3043342014510118,1.141923398762019,-0.00047949233649113854,-0.025784613970496473
2025-12-18,-0.0019978176039642326,0.0075513325776148665,1.3017283796219004,1.1505464421242313,-0.0024763520022245133,-0.01842798958835834
2025-12-19,0.0020011001939462055,0.009063445479451815,1.304333268534827,1.1609743570740014,-0.0004802072367502408,-0.0095315651878366
2025-12-22,0.009590872623035051,0.006229892278320159,1.3168429627713316,1.1682071022564644,0.0,-0.003361053533880498
2025-12-23,0.007001578617576306,0.004570454818432879,1.3260629423021772,1.1735463400358999,0.0,0.0
2025-12-24,-5.356949911552642e-05,0.0035176203055324873,1.3259919057745624,1.1776744304710935,-5.356949911561326e-05,0.0
2025-12-26,0.004157101206674559,-0.00010141503224314619,1.3315041883260985,1.1775549965807555,0.0,-0.00010141503224303516
2025-12-29,-0.012667215221504803,-0.003563628207054803,1.3146377382042367,1.173358628379582,-0.012667215221504824,-0.003664681833828287
2025-12-30,0.002253270918940728,-0.0012211007345822589,1.3175999731886743,1.1719258392965393,-0.010442486970246745,-0.004881307622731312
2025-12-31,-0.00742233492118002,-0.007408967373390696,1.3078203048955301,1.1632430789891577,-0.017787314255723552,-0.012254109547205738
2026-01-02,0.0012668608208536436,0.0018330397334518356,1.3094771312005191,1.1653753497726076,-0.0165429874864087,-0.010443532083452056
2026-01-05,0.014125741929314643,0.006660113816063129,1.3279744672181968,1.1731368822405275,-0.0026509275290670375,-0.0038529733797064702
2026-01-06,0.0019238190368335505,0.005947183373089304,1.33052924977866,1.1801137424009462,-0.0007322083970792148,0.0
2026-01-07,-0.004855627411522711,-0.0032233567922274053,1.324068695481602,1.1763098147537772,-0.005584280477438086,-0.0032233567922275164
2026-01-08,0.004889589957696396,-0.00010153268198576093,1.330542848478329,1.176190380863439,-0.0007219953614850949,-0.003324562198153136
2026-01-09,0.002384017134649348,0.006613342394092614,1.3337148854274867,1.1839689305727272,0.0,0.0
2026-01-12,0.008433826421917685,0.0015704538117717881,1.34496320526751,1.1858282990927644,0.0,0.0
2026-01-13,0.0031344014181962096,-0.0019994751058702853,1.349178859845522,1.183457264928892,0.0,-0.0019994751058702853
2026-01-14,0.0034064590483761526,-0.0049152373416185835,1.3537747823805208,1.1776402915881037,0.0,-0.006904884552784818
2026-01-15,-0.0052634827833445315,0.0027232143965294497,1.346649212120935,1.1808472585840895,-0.005263482783344542,-0.004200473637275937
2026-01-16,-0.003252811106934404,-0.0008378739908954103,1.3422688166066035,1.1798578573789018,-0.008499172775020214,-0.005034828160561222
2026-01-20,0.011994220461464054,-0.020356785723545046,1.3583682847115315,1.1558397437919985,0.0,-0.02528912096608682
2026-01-21,0.008621939733805388,0.011541079202094462,1.3700800541986269,1.1691793818200305,0.0,-0.014039905512013395
2026-01-22,0.003863432708071783,0.005223230019727687,1.3753732662926945,1.1752862746655994,0.0,-0.008890009148230238
2026-01-23,0.010734195082994,0.0003627802397405677,1.3901367912450149,1.1757126453020865,0.0,-0.008530454028139678
2026-01-26,0.005532492737515688,0.005078147060609828,1.3978277129467314,1.1816830870159492,0.0,-0.0034956258675784557
2026-01-27,0.010103703688005571,0.003984264729684606,1.4119509499652276,1.1863912252612117,0.0,0.0
2026-01-28,0.01314048114167201,-0.00010066990364987483,1.4305046647962116,1.1862717913708736,0.0,-0.00010066990364987483
2026-01-29,0.006496196989752838,-0.0019843824489698125,1.4397975048934881,1.1839177744483693,0.0,-0.0020848525850296618
2026-01-30,-0.035932789551187776,-0.0029825802604032114,1.3880615641538252,1.1803866446643592,-0.03593278955118773,-0.005061214605266873
2026-02-02,-0.02340249928982574,0.004971362130935519,1.355577454384481,1.1862547741295055,-0.05849437175906036,-0.00011501360495658197
2026-02-03,0.023658747078221028,-0.00845539643070059,1.387648718522702,1.1762245197464294,-0.0362195282277864,-0.008569437550032366
2026-02-04,0.0004255092498644983,-0.004843921678897134,1.388239175887996,1.1705269802959792,-0.03580943072220866,-0.013371849544604908
2026-02-05,-0.010138173890944891,-0.012489211256201727,1.3741649657206214,1.155908021557979,-0.04558456237755604,-0.02569405694695792
2026-02-06,0.010461870940972017,0.019184711840951385,1.388541302243596,1.178083783866213,-0.03559959124507861,-0.007002278184558786
2026-02-09,0.009243472659109733,0.004821832103010459,1.4013762458069292,1.1837643060752951,-0.026685182434318167,-0.002214209891292951
2026-02-10,-0.0020771808188086048,-0.002637160432080843,1.398465333949205,1.1806425296864038,-0.02870693330402785,-0.004845531096660083
2026-02-11,0.0049635788211037785,-0.00023105881441631837,1.4054067268628432,1.180369731823245,-0.02388584360909074,-0.005075470308406049
2026-02-12,-0.013909071673087687,-0.0154488742279012,1.3858588239690683,1.1621343482938862,-0.03746268537144748,-0.020445934233865204
2026-02-13,0.008003555080009305,0.0007044854938154099,1.3969506213998217,1.1629530550841238,-0.029758964957253498,-0.019755852604125046
2026-02-17,-0.011233202446440185,0.0016134664707250224,1.381258392261957,1.1648294408455293,-0.04065787892573247,-0.01817426153917734
2026-02-18,0.014167847314007064,0.005037758541617032,1.4008278502647151,1.170697570310676,-0.027066066232456665,-0.013228060538866826
2026-02-19,0.004531414605848851,-0.0026374339404172664,1.4071755820456844,1.1676099328047744,-0.02265729919445647,-0.015830606343453124
2026-02-20,0.006793682346422705,0.007231864589122949,1.4167354859557453,1.1760539297317336,-0.01601754334158878,-0.00871322655576956
2026-02-23,0.009394470564027781,-0.010211314710874664,1.4300449657755703,1.164044872938282,-0.006773549116991462,-0.01883556776813622
2026-02-24,-0.003405495566710605,0.00726845293039502,1.4251749539844247,1.1725056783061014,-0.0101559773922133,-0.01170402027548123
2026-02-25,-0.0003641309000550407,0.008438348943581309,1.4246560037456946,1.1823996903579788,-0.010516410187079495,-0.0033644339390271893
2026-02-26,0.0029883693948341153,-0.005554476391621099,1.4289134021454548,1.1758320791924253,-0.007559467710592016,-0.008900222661762824
2026-02-27,0.009714199324782555,-0.004801943258527341,1.4427941517517489,1.170185800266587,0.0,-0.013659427556080073
2026-03-02,0.011372557803770595,0.0005685787823312971,1.459202411641488,1.170851143084004,0.0,-0.013098615234435895
2026-03-03,-0.00820593073199749,-0.00881433848279567,1.447228297727594,1.1605308647958934,-0.00820593073199749,-0.021797498088899414
2026-03-04,0.0042813933385250896,0.007055308353084655,1.4534244513208099,1.1687187679003004,-0.003959670210644917,-0.0148959778061577
2026-03-05,0.001963500254851522,-0.005575546846393831,1.4562782506013856,1.1622025216596126,-0.0020039447692612455,-0.02038847143047051
2026-03-06,0.01768134386581965,-0.013107135070836495,1.482027207114583,1.1469693762285533,0.0,-0.03322837205237983
2026-03-09,-0.0032538900381850434,0.008760025013039074,1.4772048535490339,1.1570168566535053,-0.003253890038184881,-0.024759428409662165
2026-03-10,0.01037770472843127,-0.0016071269053671289,1.4925348493425712,1.155157383733214,0.0,-0.026326763771470696
2026-03-11,-0.002712874450287095,-0.0012551629285171284,1.4884857896836265,1.1537074730085493,-0.002712874450287117,-0.027548882322074086
2026-03-12,-0.0175012700149661,-0.015184948869363502,1.4624353979649334,1.136188484020712,-0.020166665716982002,-0.04231550282196872
2026-03-13,-0.011643265150740701,-0.005660109501006372,1.4454078748605987,1.1297575327873723,-0.03157512503157356,-0.04773610194341249
2026-03-16,-0.0019222113770643201,0.010176866111483163,1.4426294953990435,1.141254923936989,-0.033436642344069845,-0.03804503975009166
2026-03-17,-0.0016247304558981378,0.00263055486997521,1.4402856113212916,1.1442570576350346,-0.035007047268808655,-0.03551456444470935
2026-03-18,0.00999402701112241,-0.013953645387120184,1.4546798646245678,1.1282905004210857,-0.025362881633670176,-0.04897265219349012
2026-03-19,0.0022296345701446896,-0.0024643404851918405,1.457923269139228,1.1255100084618406,-0.023189797021214487,-0.051316307389214444
2026-03-20,-0.004449348718572055,-0.01433577587250423,1.451436460109907,1.1093749492382712,-0.02753596624612631,-0.06491642418038246
2026-03-23,-0.0003724479977563755,0.01050001924493782,1.4508958755064685,1.1210234075551249,-0.02789815852838795,-0.05509802863865121
2026-03-24,0.0018628627710990386,-0.0033568497522664664,1.4535986954176907,1.1172603004071886,-0.02608726619819368,-0.058269922587131595
2026-03-25,0.0026031869249933948,0.0055727589473859585,1.4573826845357896,1.1234865227428419,-0.02355198930347613,-0.05302188787220663
2026-03-26,0.005563855006408103,-0.017858744158138706,1.4654913504813964,1.1034224643680606,-0.018119174150665107,-0.06993372770005402
2026-03-27,0.0022131857097589247,-0.017051883523327982,1.4687347549960572,1.0846070330286328,-0.015946089538209085,-0.08579310944428864
2026-03-30,-0.0018402369127769047,-0.0033434623831846144,1.4660319350848352,1.080980690213164,-0.017756981868403243,-0.08884972579330996
2026-03-31,0.007374588842250063,0.02906792569891481,1.4768433178356941,1.1124025565982418,-0.010513343466511893,-0.06236447732212402
2026-04-01,-0.008052683594874654,0.007534463782890022,1.4649507658779584,1.1207839133729256,-0.018481366432926527,-0.055299896434956475
2026-04-02,0.0022140024021330973,0.0009004744280911581,1.468194170392619,1.121793150626334,-0.016308281820470616,-0.054449218149481005
2026-04-06,0.004418293074653024,0.004726797348638012,1.4746810825279106,1.1270956395164347,-0.01196204351444441,-0.04997979122082741
2026-04-07,-0.002228357881059616,0.0004400741058487867,1.4713949653156102,1.127591645122201,-0.014163745681564865,-0.04956171192691061
2026-04-08,-0.015665625687026518,0.025469554638327674,1.4483446425512003,1.1563109021373628,-0.029607487430417856,-0.025354472018474405
2026-04-09,0.0030255211741409657,0.00576909117108837,1.4527266399346928,1.1629817651539167,-0.026671544336410724,-0.019731653108055358
2026-04-10,-0.005059356274907945,-0.0006617805145495703,1.4453767782932132,1.1622121264829615,-0.03159595976611873,-0.02038037559905803
2026-04-13,0.01056593765371132,0.009772397784351794,1.4606485392187813,1.1735697256927504,-0.02136386305340543,-0.01080714295205465
2026-04-14,-0.0011874916699168288,0.01218488075237012,1.458914031245783,1.1878695328549083,-0.022525985313909147,0.0
2026-04-15,0.00016331019101278876,0.007890994867038925,1.459152286774897,1.1972430052413783,-0.02236635384586061,0.0
2026-04-16,0.003857636020293853,0.002457311622604319,1.4647811651954539,1.2001850043932396,-0.018594999077805263,0.0
2026-04-17,-0.014721354471778714,0.012085685130224011,1.4432176024390266,1.2146900624543528,-0.03304260997675712,0.0
2026-04-20,0.007684084604041396,-0.001999667552905704,1.4543074085982097,1.212261086149626,-0.02561242758331561,-0.001999667552905704
2026-04-21,0.009548082034551307,-0.006546949154936255,1.4681932550389611,1.2043244744560966,-0.016308895108433807,-0.008533524986046204
2026-04-22,0.006581491609991063,0.010126696838070659,1.4778561566288455,1.2165203033035823,-0.009834740354767169,0.0
2026-04-23,0.007098043589669966,-0.0038807239498251933,1.488346044047859,1.2117993238271034,-0.0028065041808285063,-0.0038807239498251933
2026-04-24,0.00019468465580245735,0.007749297960024215,1.4886358021851596,1.2211899178551955,-0.002612365908326364,0.0
2026-04-27,0.0037006742890063112,0.0017228064887020444,1.4941447584240004,1.2232937917696138,0.0,0.0
2026-04-28,0.004607472271733437,-0.004865948728146163,1.501028988968395,1.2173413068994035,0.0,-0.004865948728146163
2026-04-29,0.012744398767689935,-0.00015454109399481997,1.5201587009656705,1.21715317764207,0.0,-0.005019737833101168
2026-04-30,0.0011455880340719205,0.009949627427204177,1.521900176583387,1.2292633982814463,0.0,0.0
2026-05-01,-0.0052906577615866365,0.0027691138283709726,1.5138483236017861,1.2326673685563376,-0.005290657761586659,0.0
2026-05-04,0.008648869257498592,-0.0036633796697419507,1.5269413998283015,1.228151639978814,0.0,-0.0036633796697420618
2026-05-05,-0.0018963298858374555,0.008022185884992261,1.5240458152178846,1.238004100729682,-0.0018963298858374333,0.0
2026-05-06,-0.01704970153149414,0.013899439445017592,1.498061288948097,1.2552116637604578,-0.018913699558772756,0.0
2026-05-07,-0.00042659935158306805,-0.0030661051573263043,1.4974222169736002,1.2513630528046658,-0.019332230338387935,-0.0030661051573263043
2026-05-08,0.002047575129104562,0.008256073001242203,1.5004883014628438,1.2616943975196784,-0.017324239403314512,0.0
2026-05-11,0.013701575161202984,0.002277585595431564,1.521047354703843,1.264568014505306,-0.0038600336104065436,0.0
2026-05-12,0.010817522024298708,-0.0015149399914519135,1.5375013179633532,1.262652269848221,0.0,-0.0015149399914519135
2026-05-13,-0.006058687714068878,0.005594848036780231,1.528186077617844,1.2697166174213175,-0.006058687714068811,0.0
2026-05-19,0.0028571295249916855,-0.006660859382243145,1.532552303179887,1.2612592135773766,-0.003218868644627726,-0.006660859382243256
2026-05-20,-0.011149937418626087,0.010249028568310337,1.51546444090866,1.2741858952893756,-0.014332915879307517,0.0
2026-05-21,-0.003241328837979629,0.0019830970699832307,1.5105523223134099,1.2767127296049379,-0.01752778702371538,0.0
2026-05-22,-0.0027859061223006964,0.00393155436839554,1.5063440653506215,1.2817321951142024,-0.020264862376836223,0.0
2026-05-26,-0.008315340644487357,0.0066386085909901915,1.493818301319429,1.2902411134760363,-0.0284116937875466,0.0
2026-05-27,-0.011959759885301935,-0.0001732035840619206,1.475952593123379,1.2900176390908782,-0.04003165663721486,-0.0001732035840619206
2026-05-28,0.005612528626417345,0.0055165545026623075,1.4842364193035187,1.2971340917063188,-0.03464380682963686,0.0
2026-05-29,-0.004379794158517592,0.002491392716190699,1.477735769304394,1.3003657621343185,-0.03887186824537325,0.0
2026-06-01,0.00968874634910759,0.00272313559086812,1.4920531763441875,1.3039068344223328,-0.02955974156781105,0.0
2026-06-02,0.0028982216620593525,0.0013579103629497435,1.496377477180813,1.3056774230251158,-0.026747190589088365,0.0
2026-06-03,0.002367788931249004,-0.007017150543661033,1.499920583208252,1.2965152879862891,-0.024442733359658075,-0.007017150543661033
2026-06-04,-0.0076108767699412105,0.003778686701839007,1.4885048724847556,1.301414413063734,-0.0318675794980785,-0.0032649794552661593
2026-06-05,-0.015177148356219727,-0.0258093996346227,1.4659136132060986,1.267825688386714,-0.04656106887250222,-0.028990111930329077
2026-06-08,0.004499155613745253,0.0022642301373410056,1.4725089866682204,1.2706963375192544,-0.042271398753156664,-0.026791522078105645
2026-06-09,-0.007031796782372911,-0.002935503633772485,1.4621546027137517,1.2669662038030451,-0.0490059516497906,-0.029648379101463562
2026-06-10,0.0016801298389678366,-0.015765545498457323,1.4646112122909554,1.2469917904719805,-0.04740815817247657,-0.044946501730241284
2026-06-11,-0.0038070153352036,0.016996839411566045,1.4590354149456526,1.268186709682174,-0.05103468992250382,-0.028713610790695787
2026-06-12,-0.006917572320480825,0.005408249541260179,1.4489424319446234,1.2750453798730448,-0.057599226084592337,-0.023460651621822315
